Workbook
Name _1_Excel_BuiltIn__FilterDatabase_3_1_1_1_1_1_1_1: "$#REF!.#REF!#REF!:#REF!#REF!"
Name _2Excel_BuiltIn__FilterDatabase_3_1_1_1_1_1_1_1: "$#REF!.#REF!#REF!:#REF!#REF!"
Name Excel_BuiltIn__FilterDatabase_1_1: #REF!
Name Excel_BuiltIn__FilterDatabase_1_1: #REF!
Name Excel_BuiltIn__FilterDatabase_1_1: #REF!
Name Excel_BuiltIn__FilterDatabase_1_1: #REF!
Name Excel_BuiltIn__FilterDatabase_1_1: #REF!
Name Excel_BuiltIn__FilterDatabase_1_1_1: "$#REF!.$AI$1:$AI$65536"
Name Excel_BuiltIn__FilterDatabase_1_1_1_1: "$#REF!.$B$1:$AH$9"
Name Excel_BuiltIn__FilterDatabase_1_1_1_1_1: "$#REF!.$B$1:$P$1"
Name Excel_BuiltIn__FilterDatabase_1_1_1_1_1_1: "$#REF!.$B$1:$E$1"
Name Excel_BuiltIn__FilterDatabase_1_2: "$#REF!.$B$1:$P$1"
Name Excel_BuiltIn__FilterDatabase_2_1: #REF!
Name Excel_BuiltIn__FilterDatabase_2_1: #REF!
Name Excel_BuiltIn__FilterDatabase_2_1: #REF!
Name Excel_BuiltIn__FilterDatabase_2_1: #REF!
Name Excel_BuiltIn__FilterDatabase_2_1: #REF!
Name Excel_BuiltIn__FilterDatabase_2_1_1: "$#REF!.$N$1:$O$1"
Name Excel_BuiltIn__FilterDatabase_3_1: #REF!
Name Excel_BuiltIn__FilterDatabase_3_1: #REF!
Name Excel_BuiltIn__FilterDatabase_3_1: #REF!
Name Excel_BuiltIn__FilterDatabase_3_1: #REF!
Name Excel_BuiltIn__FilterDatabase_3_1: #REF!
Name Excel_BuiltIn__FilterDatabase_3_1_1: "$#REF!.$#REF!$#REF!:$#REF!$#REF!"
Name Excel_BuiltIn__FilterDatabase_3_1_1_1: "$#REF!.#REF!#REF!:#REF!#REF!"
Name Excel_BuiltIn__FilterDatabase_3_1_1_1_1: "$#REF!.$B$1:$P$1"
Name Excel_BuiltIn__FilterDatabase_3_1_1_1_1_1: "$#REF!.#REF!#REF!:#REF!#REF!"
Name Excel_BuiltIn__FilterDatabase_3_1_1_1_1_1_1: "$#REF!.$B$1:$P$1"
Name Excel_BuiltIn__FilterDatabase_4: "$#REF!.$B$1:$E$1"
Name Excel_BuiltIn_Print_Area_2_1: #REF!
Name Excel_BuiltIn_Print_Area_2_1: #REF!
Name Excel_BuiltIn_Print_Area_2_1: #REF!
Name Excel_BuiltIn_Print_Area_2_1: #REF!
Name Excel_BuiltIn_Print_Area_2_1: #REF!
Name Excel_BuiltIn_Print_Area_3: "$#REF!.$B$1:$P$1"
Name Excel_BuiltIn_Print_Area_7: #REF!
Name Excel_BuiltIn_Print_Area_7: #REF!
Name Excel_BuiltIn_Print_Area_7: #REF!
Name Excel_BuiltIn_Print_Area_7: #REF!
Name Excel_BuiltIn_Print_Area_7: #REF!

Sheet 1°Q 01 V1 CAMPO
W2: Cat. | X2: Basico | Y2: No Rem | Z2: Basico Conf. | AA2: Escalafon | AB2: escalafon NR | AC2: Escalafon Conf.
Q4: =+X4 -> 17212.41 | R4: =+Q4*155% -> 26679.235 | T4: =+R4+S4 -> 26679.235 | U4: =+U114 -> 296 | V4: =+Y4/X4*100 -> 138.91891 | W4: Q01 | X4: 17212.41 | Y4: =+Z4-X4 -> 23911.292 | Z4: 41123.702 | AA4: =+X4*0.3 -> 5163.723 | AB4: =+Y4*0.3 -> 7173.3876 | AC4: =+AA4+AB4 -> 12337.111
U5: =+Q4*218.75% -> 37652.147 | W5: Q02 | X5: 18004.12 | Y5: =+Z5-X5 -> 25011.121 | Z5: 43015.241 | AA5: =+X5*0.3 -> 5401.236 | AB5: =+Y5*0.3 -> 7503.3363 | AC5: =+AA5+AB5 -> 12904.572
Q6: =+Q4+R4 -> 43891.645 | R6: =+T4+Q4 -> 43891.645 | W6: Q03 | X6: 18329.51 | Y6: =+Z6-X6 -> 25463.165 | Z6: 43792.675 | AA6: =+X6*0.3 -> 5498.853 | AB6: =+Y6*0.3 -> 7638.9495 | AC6: =+AA6+AB6 -> 13137.802
R7: =+R6/Q6 -> 1 | W7: Q04 | X7: 19002.42 | Y7: =+Z7-X7 -> 26397.964 | Z7: 45400.384 | AA7: =+X7*0.3 -> 5700.726 | AB7: =+Y7*0.3 -> 7919.3891 | AC7: =+AA7+AB7 -> 13620.115
W8: Q05 | X8: 19415.57 | Y8: =+Z8-X8 -> 26971.888 | Z8: 46387.458 | AA8: =+X8*0.3 -> 5824.671 | AB8: =+Y8*0.3 -> 8091.5664 | AC8: =+AA8+AB8 -> 13916.237
W9: Q06 | X9: 20104.08 | Y9: =+Z9-X9 -> 27928.38 | Z9: 48032.46 | AA9: =+X9*0.3 -> 6031.224 | AB9: =+Y9*0.3 -> 8378.5141 | AC9: =+AA9+AB9 -> 14409.738
W10: Q07 | X10: 20964.69 | Y10: =+Z10-X10 -> 29123.932 | Z10: 50088.622 | AA10: =+X10*0.3 -> 6289.407 | AB10: =+Y10*0.3 -> 8737.1797 | AC10: =+AA10+AB10 -> 15026.587
W11: Q08 | X11: 21549.89 | Y11: =+Z11-X11 -> 29936.867 | Z11: 51486.757 | AA11: =+X11*0.3 -> 6464.967 | AB11: =+Y11*0.3 -> 8981.06 | AC11: =+AA11+AB11 -> 15446.027 | CC11: TOPE
A12: La Corona | CC12: =3645898/2 -> 1822949
X14: =+Y4/X4 -> 1.3891891 | BM14: 24365.48 | BS14: 1022 | BT14: 1023 | BU14: 1025 | BV14: 1026 | CL14: REINTMED | CO14: AYUMED
K15: LIQ | N15: 46037 | T15: 1003 | V15: 1061 | W15: 1009 | Y15: 1030 | Z15: 1072 | AB15: 1065 | AC15: 1066 | AD15: 1073 | AE15: 1304 | AH15: 1041 | AI15: 1007 | AK15: 1018 | AL15: 1019 | AM15: 1022 | AN15: 1023 | AO15: 1025 | AP15: 1026 | AQ15: 1108 | AR15: 1109 | AS15: 1110 | AT15: 1201 | AV15: 30 | AX15: 30 | AY15: 30 | AZ15: 0.01 | BF15: 1.5 | BG15: 2 | BM15: 19290.416 | BS15: 67.134 | BT15: 52.674 | BU15: 1.6226 | BV15: 2.5053 | BW15: 3.1374 | CC15: 0.11 | CD15: 0.03 | CE15: 0.03 | CG15: 0.03 | CL15: 1201 | CM15: 1220 | CN15: 2803 | CP15: 2895 | CQ15: 2896
A16: LEG SIS | B16: Leg. | C16: Sector | D16: Empleado | E16: sind | F16: OS FOTIA | G16: OSPAT | H16: Edad + 60 | I16: Pensión s/ Rem | J16: Pensión s/ No Rem | K16: Cat. I | L16: Cat. II | M16: Dif de Cat. | N16: Antigüedad | O16: Años reconocidos | P16: Escalafon | Q16: Básico Rem | R16: Basico No Rem | S16: Titulo | T16: Jornales | U16: Jornales a liq | V16: Dias de Enfermedad | W16: Feriado | X16: Feriado Trabajado | Y16: ART | Z16: Retiro Anticipado | AA16: HS Simples | AB16: Faltas c/ aviso | AC16: Faltas s/ aviso | AD16: Llegada tarde | AE16: Dias de Susp | AF16: Lic c/ Goce | AG16: Lic s/ Goce | AH16: Altura | AI16: Destajo | AJ16: Donacion de sangre | AK16: HS 50% | AL16: HS 100% | AM16: Dest.P/Bls $ 67.134 | AN16: Dest.P/Bls. $ 52.674 | AO16: Dest.P/Bls $ 1,6226 | AP16: Dest.P/Bls $ 2.5053 | AQ16: Dest.P/Bls $3.1374 | AR16: Presentismo | AS16: Premio Asist. | AT16: Reint de Mec | AU16: Total Jornales | AV16: Sueldo Basico | AW16: Dias de Enfermedad | AX16: Feriado | AY16: Feriado Trabajado | AZ16: ART | BA16: Retiro Anticipado | BB16: HS Simples | BC16: Faltas c/ aviso | BD16: Faltas s/ aviso | BE16: Llegada tarde | BF16: Dias de Susp | BG16: Lic c/ Goce | BH16: Lic s/ Goce | BI16: Destajo | BJ16: Altura | BK16: Donacion de Sangre | BL16: Escalafon | BM16: Titulo | BN16: Presentismo | BO16: Dedicación (clc) | BP16: Dif. De Cat. | BQ16: HS 50% | BR16: HS 100% | BS16: Dest.P/Bls $ 67.134 | BT16: Dest.P/Bls. $ 52.674 | BU16: Dest.P/Bls $ 1,6226 | BV16: Dest.P/Bls $ 2.5053 | BW16: Dest.P/Bls $3.1374 | BX16: 1200 - Dif + VsX/ Importe Concepto | BY16: Ajuste 1ra. Qna. | BZ16: Ajuste 2da. Qna. | CA16: NR > 60 | CB16: Bruto Total | CC16: Jubilación | CD16: Ley 19.032 | CE16: Obra social | CF16: Sindicato | CG16: Adic. De O.S. | CH16: Club Azucarera Arg | CI16: No Remunerativo | CJ16: O.S. NR | CK16: Sindicato NR | CL16: Reintegro de Medicamentos | CM16: Tickey Canasta | CN16: Fotia Ayuda Medica | CO16: Feia Ayuda Medica | CP16: Socorro Social Cuota | CQ16: Socorro Social Ap | CR16: Dif+VsX | CS16: Embargos | CT16: Pensiones | CU16: Club Azucarera | CV16: Fotia Ayuda Econ. | CW16: Colecta | CX16: Coleta II | CY16: Anticipos | CZ16: Pensión s/ Rem | DA16: Pensión s/ No Rem | DB16: Neto | DC16: Neto | DD16: Sistema | DE16: Diferencia
A18: =500000+B18 -> 509831 | B18: 9831 | C18: CAMPO | D18: ABREGU CRISTIAN ARIEL | E18: FOTIA | F18: 0 | J18: 0.25 | K18: Q02 | O18: 0 | P18: =+VLOOKUP(K18,$W$4:$AC$11,5,0) -> 5401.236 | Q18: =+VLOOKUP(K18,$W$4:$Z$11,2,0) -> 18004.12 | R18: =+VLOOKUP(K18,$W$4:$Y$11,3,0) -> 25011.121 | T18: 1 | U18: =+T18 -> 1 | V18: 0 | W18: 0 | X18: 0 | Y18: 0 | Z18: 0 | AA18: 0 | AB18: 0 | AC18: 0 | AD18: 0 | AE18: 0 | AF18: 0 | AG18: 0 | AH18: 0 | AI18: 0 | AJ18: 0 | AK18: 0 | AL18: 0 | AM18: 0 | AN18: 0 | AO18: 0 | AP18: 0 | AQ18: 0 | AR18: 0 | AS18: 0 | AT18: 0 | AU18: =+U18+V18+W18+Y18-Z18-AB18-AC18-AD18-AE18+AF18-AG18+AJ18 -> 1 | AV18: =+Q18*U18 -> 18004.12 | AW18: =+Q18*V18 -> 0 | AX18: =+Q18*W18 -> 0 | AY18: =+Q18*X18 -> 0 | AZ18: =+(Q18*1.0833*Y18)+((P18*O18)/25*Y18) -> 0 | BA18: =-Q18/8*Z18 -> 0 | BB18: =+Q18/8*AA18 -> 0 | BC18: =-Q18*AB18 -> 0 | BD18: =-Q18*AC18 -> 0 | BE18: =-Q18/8*AD18 -> 0 | BF18: =-Q18*AE18 -> 0 | BG18: =+Q18*AF18 -> 0 | BH18: =-Q18*AG18 -> 0 | BI18: =+Q18*AI18 -> 0 | BJ18: =+Q18*AH18 -> 0 | BK18: =+Q18*AJ18 -> 0 | BL18: =+(P18*O18)/25*(U18+V18+W18-Z18-AB18-AC18-AD18-AE18+AF18-AG18) -> 0 | BM18: =+$BM$15/25*(U18+V18+Y18+AF18+AH18+AI18)*0 -> 0 | BP18: =+M18*(AU18+AH18+AI18) -> 0 | BS18: =+$BS$15*AM18 -> 0 | BT18: =+$BT$15*AN18 -> 0 | BU18: =+$BU$15*AO18 -> 0 | BV18: =+$BV$15*AP18 -> 0 | CA18: =+IF(H18>59,+SUM(AV18:BX18)*138.92%,0) -> 0 | CB18: =SUM(AV18:CA18) -> 18004.12 | CE18: =-MIN(CB18,$CC$12)*$CD$15 -> -540.1236 | CF18: =-IF(E18="FOTIA",(CB18-AZ18)*1%,(CB18-AZ18)*1.5%) -> -180.0412 | CI18: =+IF(H18>59,0,(CB18*138.92%)) -> 25011.324 | CJ18: =-MIN(CI18,$CC$12)*$CD$15 -> -750.33971 | CK18: =-IF(E18="FOTIA",(CI18-BE18)*1%,(CI18-BE18)*1.5%) -> -250.11324 | CL18: 0 | CN18: 0 | CZ18: =-SUM(CB18+CC18+CD18+CE18+CF18)*I18 -> 0 | DA18: =-SUM(CB18+CC18+CD18+CE18+CF18+CI18+CJ18+CK18)*J18 -> -10323.706 | DB18: =SUM(CB18:DA18) -> 30971.119 | DC18: =ROUND(DB18,0) -> 30971 | DE18: =+DD18-DC18 -> -30971
A19: =500000+B19 -> 509850 | B19: 9850 | C19: CAMPO | D19: ALEGRE FRANCO RODRIGO | E19: FOTIA | F19: 0 | K19: Q02 | O19: 0 | P19: =+VLOOKUP(K19,$W$4:$AC$11,5,0) -> 5401.236 | Q19: =+VLOOKUP(K19,$W$4:$Z$11,2,0) -> 18004.12 | R19: =+VLOOKUP(K19,$W$4:$Y$11,3,0) -> 25011.121 | T19: 0 | U19: =+T19 -> 0 | V19: 0 | W19: 0 | X19: 0 | Y19: 0 | Z19: 0 | AA19: 0 | AB19: 0 | AC19: 0 | AD19: 0 | AE19: 0 | AF19: 0 | AG19: 0 | AH19: 0 | AI19: 0 | AJ19: 0 | AK19: 0 | AL19: 0 | AM19: 0 | AN19: 0 | AO19: 0 | AP19: 0 | AQ19: 0 | AR19: 0 | AS19: 0 | AT19: 0 | AU19: =+U19+V19+W19+Y19-Z19-AB19-AC19-AD19-AE19+AF19-AG19+AJ19 -> 0 | AV19: =+Q19*U19 -> 0 | AW19: =+Q19*V19 -> 0 | AX19: =+Q19*W19 -> 0 | AY19: =+Q19*X19 -> 0 | AZ19: =+(Q19*1.0833*Y19)+((P19*O19)/25*Y19) -> 0 | BA19: =-Q19/8*Z19 -> 0 | BB19: =+Q19/8*AA19 -> 0 | BC19: =-Q19*AB19 -> 0 | BD19: =-Q19*AC19 -> 0 | BE19: =-Q19/8*AD19 -> 0 | BF19: =-Q19*AE19 -> 0 | BG19: =+Q19*AF19 -> 0 | BH19: =-Q19*AG19 -> 0 | BI19: =+Q19*AI19 -> 0 | BJ19: =+Q19*AH19 -> 0 | BK19: =+Q19*AJ19 -> 0 | BL19: =+(P19*O19)/25*(U19+V19+W19-Z19-AB19-AC19-AD19-AE19+AF19-AG19) -> 0 | BM19: =+$BM$15/25*(U19+V19+Y19+AF19+AH19+AI19)*0 -> 0 | BP19: =+M19*(AU19+AH19+AI19) -> 0 | BS19: =+$BS$15*AM19 -> 0 | BT19: =+$BT$15*AN19 -> 0 | BU19: =+$BU$15*AO19 -> 0 | BV19: =+$BV$15*AP19 -> 0 | CA19: =+IF(H19>59,+SUM(AV19:BX19)*138.92%,0) -> 0 | CB19: =SUM(AV19:CA19) -> 0 | CE19: =-MIN(CB19,$CC$12)*$CD$15 -> 0 | CF19: =-IF(E19="FOTIA",(CB19-AZ19)*1%,(CB19-AZ19)*1.5%) -> 0 | CI19: =+IF(H19>59,0,(CB19*138.92%)) -> 0 | CJ19: =-MIN(CI19,$CC$12)*$CD$15 -> 0 | CK19: =-IF(E19="FOTIA",(CI19-BE19)*1%,(CI19-BE19)*1.5%) -> 0 | CL19: 0 | CN19: 0 | CZ19: =-SUM(CB19+CC19+CD19+CE19+CF19)*I19 -> 0 | DA19: =-SUM(CB19+CC19+CD19+CE19+CF19+CI19+CJ19+CK19)*J19 -> 0 | DB19: =SUM(CB19:DA19) -> 0 | DC19: =ROUND(DB19,0) -> 0 | DE19: =+DD19-DC19 -> 0
A20: =500000+B20 -> 509743 | B20: 9743 | C20: CAMPO | D20: ALEMAN FELIX OMAR | E20: FOTIA | F20: 0 | H20: 63 | K20: Q06 | O20: 3 | P20: =+VLOOKUP(K20,$W$4:$AC$11,5,0) -> 6031.224 | Q20: =+VLOOKUP(K20,$W$4:$Z$11,2,0) -> 20104.08 | R20: =+VLOOKUP(K20,$W$4:$Y$11,3,0) -> 27928.38 | T20: 0 | U20: =+T20 -> 0 | V20: 0 | W20: 0 | X20: 0 | Y20: 0 | Z20: 0 | AA20: 0 | AB20: 0 | AC20: 0 | AD20: 0 | AE20: 0 | AF20: 0 | AG20: 0 | AH20: 0 | AI20: 0 | AJ20: 0 | AK20: 0 | AL20: 0 | AM20: 0 | AN20: 0 | AO20: 0 | AP20: 0 | AQ20: 0 | AR20: 0 | AS20: 0 | AT20: 0 | AU20: =+U20+V20+W20+Y20-Z20-AB20-AC20-AD20-AE20+AF20-AG20+AJ20 -> 0 | AV20: =+Q20*U20 -> 0 | AW20: =+Q20*V20 -> 0 | AX20: =+Q20*W20 -> 0 | AY20: =+Q20*X20 -> 0 | AZ20: =+(Q20*1.0833*Y20)+((P20*O20)/25*Y20) -> 0 | BA20: =-Q20/8*Z20 -> 0 | BB20: =+Q20/8*AA20 -> 0 | BC20: =-Q20*AB20 -> 0 | BD20: =-Q20*AC20 -> 0 | BE20: =-Q20/8*AD20 -> 0 | BF20: =-Q20*AE20 -> 0 | BG20: =+Q20*AF20 -> 0 | BH20: =-Q20*AG20 -> 0 | BI20: =+Q20*AI20 -> 0 | BJ20: =+Q20*AH20 -> 0 | BK20: =+Q20*AJ20 -> 0 | BL20: =+(P20*O20)/25*(U20+V20+W20-Z20-AB20-AC20-AD20-AE20+AF20-AG20) -> 0 | BM20: =+$BM$15/25*(U20+V20+Y20+AF20+AH20+AI20)*0 -> 0 | BP20: =+M20*(AU20+AH20+AI20) -> 0 | BS20: =+$BS$15*AM20 -> 0 | BT20: =+$BT$15*AN20 -> 0 | BU20: =+$BU$15*AO20 -> 0 | BV20: =+$BV$15*AP20 -> 0 | CA20: =+IF(H20>59,+SUM(AV20:BX20)*138.92%,0) -> 0 | CB20: =SUM(AV20:CA20) -> 0 | CE20: =-MIN(CB20,$CC$12)*$CD$15 -> 0 | CF20: =-IF(E20="FOTIA",(CB20-AZ20)*1%,(CB20-AZ20)*1.5%) -> 0 | CI20: =+IF(H20>59,0,(CB20*138.92%)) -> 0 | CJ20: =-MIN(CI20,$CC$12)*$CD$15 -> 0 | CK20: =-IF(E20="FOTIA",(CI20-BE20)*1%,(CI20-BE20)*1.5%) -> 0 | CL20: 0 | CN20: 0 | CZ20: =-SUM(CB20+CC20+CD20+CE20+CF20)*I20 -> 0 | DA20: =-SUM(CB20+CC20+CD20+CE20+CF20+CI20+CJ20+CK20)*J20 -> 0 | DB20: =SUM(CB20:DA20) -> 0 | DC20: =ROUND(DB20,0) -> 0 | DE20: =+DD20-DC20 -> 0
A21: =500000+B21 -> 509759 | B21: 9759 | C21: CAMPO | D21: ARAGON ADRIAN ALEJANDRO | E21: FOTIA | F21: 0 | K21: Q04 | O21: 3 | P21: =+VLOOKUP(K21,$W$4:$AC$11,5,0) -> 5700.726 | Q21: =+VLOOKUP(K21,$W$4:$Z$11,2,0) -> 19002.42 | R21: =+VLOOKUP(K21,$W$4:$Y$11,3,0) -> 26397.964 | T21: 6 | U21: =+T21 -> 6 | V21: 0 | W21: 0 | X21: 0 | Y21: 0 | Z21: 0 | AA21: 0 | AB21: 0 | AC21: 0 | AD21: 0 | AE21: 0 | AF21: 0 | AG21: 0 | AH21: 0 | AI21: 0 | AJ21: 0 | AK21: 0 | AL21: 0 | AM21: 0 | AN21: 0 | AO21: 0 | AP21: 0 | AQ21: 0 | AR21: 0 | AS21: 0 | AT21: 0 | AU21: =+U21+V21+W21+Y21-Z21-AB21-AC21-AD21-AE21+AF21-AG21+AJ21 -> 6 | AV21: =+Q21*U21 -> 114014.52 | AW21: =+Q21*V21 -> 0 | AX21: =+Q21*W21 -> 0 | AY21: =+Q21*X21 -> 0 | AZ21: =+(Q21*1.0833*Y21)+((P21*O21)/25*Y21) -> 0 | BA21: =-Q21/8*Z21 -> 0 | BB21: =+Q21/8*AA21 -> 0 | BC21: =-Q21*AB21 -> 0 | BD21: =-Q21*AC21 -> 0 | BE21: =-Q21/8*AD21 -> 0 | BF21: =-Q21*AE21 -> 0 | BG21: =+Q21*AF21 -> 0 | BH21: =-Q21*AG21 -> 0 | BI21: =+Q21*AI21 -> 0 | BJ21: =+Q21*AH21 -> 0 | BK21: =+Q21*AJ21 -> 0 | BL21: =+(P21*O21)/25*(U21+V21+W21-Z21-AB21-AC21-AD21-AE21+AF21-AG21) -> 4104.5227 | BM21: =+$BM$15/25*(U21+V21+Y21+AF21+AH21+AI21)*0 -> 0 | BP21: =+M21*(AU21+AH21+AI21) -> 0 | BS21: =+$BS$15*AM21 -> 0 | BT21: =+$BT$15*AN21 -> 0 | BU21: =+$BU$15*AO21 -> 0 | BV21: =+$BV$15*AP21 -> 0 | CA21: =+IF(H21>59,+SUM(AV21:BX21)*138.92%,0) -> 0 | CB21: =SUM(AV21:CA21) -> 118119.04 | CE21: =-MIN(CB21,$CC$12)*$CD$15 -> -3543.5713 | CF21: =-IF(E21="FOTIA",(CB21-AZ21)*1%,(CB21-AZ21)*1.5%) -> -1181.1904 | CI21: =+IF(H21>59,0,(CB21*138.92%)) -> 164090.97 | CJ21: =-MIN(CI21,$CC$12)*$CD$15 -> -4922.7292 | CK21: =-IF(E21="FOTIA",(CI21-BE21)*1%,(CI21-BE21)*1.5%) -> -1640.9097 | CL21: 0 | CN21: 0 | CZ21: =-SUM(CB21+CC21+CD21+CE21+CF21)*I21 -> 0 | DA21: =-SUM(CB21+CC21+CD21+CE21+CF21+CI21+CJ21+CK21)*J21 -> 0 | DB21: =SUM(CB21:DA21) -> 270921.62 | DC21: =ROUND(DB21,0) -> 270922 | DE21: =+DD21-DC21 -> -270922
A22: =500000+B22 -> 509746 | B22: 9746 | C22: CAMPO | D22: ARAGON JOSE ADRIAN | E22: FOTIA | F22: 0 | K22: Q04 | O22: 2 | P22: =+VLOOKUP(K22,$W$4:$AC$11,5,0) -> 5700.726 | Q22: =+VLOOKUP(K22,$W$4:$Z$11,2,0) -> 19002.42 | R22: =+VLOOKUP(K22,$W$4:$Y$11,3,0) -> 26397.964 | T22: 6 | U22: =+T22 -> 6 | V22: 0 | W22: 1 | X22: 0 | Y22: 0 | Z22: 0 | AA22: 0 | AB22: 0 | AC22: 0 | AD22: 0 | AE22: 0 | AF22: 0 | AG22: 0 | AH22: 0 | AI22: 0 | AJ22: 0 | AK22: 0 | AL22: 0 | AM22: 0 | AN22: 0 | AO22: 0 | AP22: 0 | AQ22: 0 | AR22: 0 | AS22: 0 | AT22: 0 | AU22: =+U22+V22+W22+Y22-Z22-AB22-AC22-AD22-AE22+AF22-AG22+AJ22 -> 7 | AV22: =+Q22*U22 -> 114014.52 | AW22: =+Q22*V22 -> 0 | AX22: =+Q22*W22 -> 19002.42 | AY22: =+Q22*X22 -> 0 | AZ22: =+(Q22*1.0833*Y22)+((P22*O22)/25*Y22) -> 0 | BA22: =-Q22/8*Z22 -> 0 | BB22: =+Q22/8*AA22 -> 0 | BC22: =-Q22*AB22 -> 0 | BD22: =-Q22*AC22 -> 0 | BE22: =-Q22/8*AD22 -> 0 | BF22: =-Q22*AE22 -> 0 | BG22: =+Q22*AF22 -> 0 | BH22: =-Q22*AG22 -> 0 | BI22: =+Q22*AI22 -> 0 | BJ22: =+Q22*AH22 -> 0 | BK22: =+Q22*AJ22 -> 0 | BL22: =+(P22*O22)/25*(U22+V22+W22-Z22-AB22-AC22-AD22-AE22+AF22-AG22) -> 3192.4066 | BM22: =+$BM$15/25*(U22+V22+Y22+AF22+AH22+AI22)*0 -> 0 | BP22: =+M22*(AU22+AH22+AI22) -> 0 | BS22: =+$BS$15*AM22 -> 0 | BT22: =+$BT$15*AN22 -> 0 | BU22: =+$BU$15*AO22 -> 0 | BV22: =+$BV$15*AP22 -> 0 | CA22: =+IF(H22>59,+SUM(AV22:BX22)*138.92%,0) -> 0 | CB22: =SUM(AV22:CA22) -> 136209.35 | CE22: =-MIN(CB22,$CC$12)*$CD$15 -> -4086.2804 | CF22: =-IF(E22="FOTIA",(CB22-AZ22)*1%,(CB22-AZ22)*1.5%) -> -1362.0935 | CI22: =+IF(H22>59,0,(CB22*138.92%)) -> 189222.02 | CJ22: =-MIN(CI22,$CC$12)*$CD$15 -> -5676.6607 | CK22: =-IF(E22="FOTIA",(CI22-BE22)*1%,(CI22-BE22)*1.5%) -> -1892.2202 | CL22: 0 | CN22: 0 | CZ22: =-SUM(CB22+CC22+CD22+CE22+CF22)*I22 -> 0 | DA22: =-SUM(CB22+CC22+CD22+CE22+CF22+CI22+CJ22+CK22)*J22 -> 0 | DB22: =SUM(CB22:DA22) -> 312414.12 | DC22: =ROUND(DB22,0) -> 312414 | DE22: =+DD22-DC22 -> -312414
A23: =500000+B23 -> 509639 | B23: 9639 | C23: CAMPO | D23: ARAGON VICTOR DANIEL | E23: FEIA | F23: 3 | K23: Q04 | O23: 10 | P23: =+VLOOKUP(K23,$W$4:$AC$11,5,0) -> 5700.726 | Q23: =+VLOOKUP(K23,$W$4:$Z$11,2,0) -> 19002.42 | R23: =+VLOOKUP(K23,$W$4:$Y$11,3,0) -> 26397.964 | T23: 0 | U23: =+T23 -> 0 | V23: 0 | W23: 0 | X23: 0 | Y23: 0 | Z23: 0 | AA23: 0 | AB23: 0 | AC23: 0 | AD23: 0 | AE23: 0 | AF23: 0 | AG23: 0 | AH23: 0 | AI23: 0 | AJ23: 0 | AK23: 0 | AL23: 0 | AM23: 0 | AN23: 0 | AO23: 0 | AP23: 0 | AQ23: 0 | AR23: 0 | AS23: 0 | AT23: 0 | AU23: =+U23+V23+W23+Y23-Z23-AB23-AC23-AD23-AE23+AF23-AG23+AJ23 -> 0 | AV23: =+Q23*U23 -> 0 | AW23: =+Q23*V23 -> 0 | AX23: =+Q23*W23 -> 0 | AY23: =+Q23*X23 -> 0 | AZ23: =+(Q23*1.0833*Y23)+((P23*O23)/25*Y23) -> 0 | BA23: =-Q23/8*Z23 -> 0 | BB23: =+Q23/8*AA23 -> 0 | BC23: =-Q23*AB23 -> 0 | BD23: =-Q23*AC23 -> 0 | BE23: =-Q23/8*AD23 -> 0 | BF23: =-Q23*AE23 -> 0 | BG23: =+Q23*AF23 -> 0 | BH23: =-Q23*AG23 -> 0 | BI23: =+Q23*AI23 -> 0 | BJ23: =+Q23*AH23 -> 0 | BK23: =+Q23*AJ23 -> 0 | BL23: =+(P23*O23)/25*(U23+V23+W23-Z23-AB23-AC23-AD23-AE23+AF23-AG23) -> 0 | BM23: =+$BM$15/25*(U23+V23+Y23+AF23+AH23+AI23)*0 -> 0 | BP23: =+M23*(AU23+AH23+AI23) -> 0 | BS23: =+$BS$15*AM23 -> 0 | BT23: =+$BT$15*AN23 -> 0 | BU23: =+$BU$15*AO23 -> 0 | BV23: =+$BV$15*AP23 -> 0 | CA23: =+IF(H23>59,+SUM(AV23:BX23)*138.92%,0) -> 0 | CB23: =SUM(AV23:CA23) -> 0 | CE23: =-MIN(CB23,$CC$12)*$CD$15 -> 0 | CF23: =-IF(E23="FOTIA",(CB23-AZ23)*1%,(CB23-AZ23)*1.5%) -> 0 | CI23: =+IF(H23>59,0,(CB23*138.92%)) -> 0 | CJ23: =-MIN(CI23,$CC$12)*$CD$15 -> 0 | CK23: =-IF(E23="FOTIA",(CI23-BE23)*1%,(CI23-BE23)*1.5%) -> 0 | CL23: 0 | CN23: 0 | CZ23: =-SUM(CB23+CC23+CD23+CE23+CF23)*I23 -> 0 | DA23: =-SUM(CB23+CC23+CD23+CE23+CF23+CI23+CJ23+CK23)*J23 -> 0 | DB23: =SUM(CB23:DA23) -> 0 | DC23: =ROUND(DB23,0) -> 0 | DE23: =+DD23-DC23 -> 0
A24: =500000+B24 -> 509652 | B24: 9652 | C24: CAMPO | D24: ARAUJO RODRIGO SEBASTIAN | E24: FEIA | F24: 3 | K24: Q04 | O24: 7 | P24: =+VLOOKUP(K24,$W$4:$AC$11,5,0) -> 5700.726 | Q24: =+VLOOKUP(K24,$W$4:$Z$11,2,0) -> 19002.42 | R24: =+VLOOKUP(K24,$W$4:$Y$11,3,0) -> 26397.964 | T24: 6 | U24: =+T24 -> 6 | V24: 0 | W24: 1 | X24: 0 | Y24: 0 | Z24: 0 | AA24: 0 | AB24: 0 | AC24: 0 | AD24: 0 | AE24: 0 | AF24: 0 | AG24: 0 | AH24: 0 | AI24: 0 | AJ24: 0 | AK24: 0 | AL24: 0 | AM24: 0 | AN24: 0 | AO24: 0 | AP24: 0 | AQ24: 0 | AR24: 0 | AS24: 0 | AT24: 0 | AU24: =+U24+V24+W24+Y24-Z24-AB24-AC24-AD24-AE24+AF24-AG24+AJ24 -> 7 | AV24: =+Q24*U24 -> 114014.52 | AW24: =+Q24*V24 -> 0 | AX24: =+Q24*W24 -> 19002.42 | AY24: =+Q24*X24 -> 0 | AZ24: =+(Q24*1.0833*Y24)+((P24*O24)/25*Y24) -> 0 | BA24: =-Q24/8*Z24 -> 0 | BB24: =+Q24/8*AA24 -> 0 | BC24: =-Q24*AB24 -> 0 | BD24: =-Q24*AC24 -> 0 | BE24: =-Q24/8*AD24 -> 0 | BF24: =-Q24*AE24 -> 0 | BG24: =+Q24*AF24 -> 0 | BH24: =-Q24*AG24 -> 0 | BI24: =+Q24*AI24 -> 0 | BJ24: =+Q24*AH24 -> 0 | BK24: =+Q24*AJ24 -> 0 | BL24: =+(P24*O24)/25*(U24+V24+W24-Z24-AB24-AC24-AD24-AE24+AF24-AG24) -> 11173.423 | BM24: =+$BM$15/25*(U24+V24+Y24+AF24+AH24+AI24)*0 -> 0 | BP24: =+M24*(AU24+AH24+AI24) -> 0 | BS24: =+$BS$15*AM24 -> 0 | BT24: =+$BT$15*AN24 -> 0 | BU24: =+$BU$15*AO24 -> 0 | BV24: =+$BV$15*AP24 -> 0 | CA24: =+IF(H24>59,+SUM(AV24:BX24)*138.92%,0) -> 0 | CB24: =SUM(AV24:CA24) -> 144190.36 | CE24: =-MIN(CB24,$CC$12)*$CD$15 -> -4325.7109 | CF24: =-IF(E24="FOTIA",(CB24-AZ24)*1%,(CB24-AZ24)*1.5%) -> -2162.8554 | CI24: =+IF(H24>59,0,(CB24*138.92%)) -> 200309.25 | CJ24: =-MIN(CI24,$CC$12)*$CD$15 -> -6009.2776 | CK24: =-IF(E24="FOTIA",(CI24-BE24)*1%,(CI24-BE24)*1.5%) -> -3004.6388 | CL24: 0 | CN24: 0 | CZ24: =-SUM(CB24+CC24+CD24+CE24+CF24)*I24 -> 0 | DA24: =-SUM(CB24+CC24+CD24+CE24+CF24+CI24+CJ24+CK24)*J24 -> 0 | DB24: =SUM(CB24:DA24) -> 328997.13 | DC24: =ROUND(DB24,0) -> 328997 | DE24: =+DD24-DC24 -> -328997
A25: =500000+B25 -> 509833 | B25: 9833 | C25: CAMPO | D25: ARCE MARIO ALBERTO | E25: FOTIA | F25: 0 | K25: Q02 | O25: 0 | P25: =+VLOOKUP(K25,$W$4:$AC$11,5,0) -> 5401.236 | Q25: =+VLOOKUP(K25,$W$4:$Z$11,2,0) -> 18004.12 | R25: =+VLOOKUP(K25,$W$4:$Y$11,3,0) -> 25011.121 | T25: 11 | U25: =+T25 -> 11 | V25: 0 | W25: 1 | X25: 0 | Y25: 0 | Z25: 0 | AA25: 0 | AB25: 0 | AC25: 0 | AD25: 0 | AE25: 0 | AF25: 0 | AG25: 0 | AH25: 0 | AI25: 0 | AJ25: 0 | AK25: 0 | AL25: 0 | AM25: 0 | AN25: 0 | AO25: 0 | AP25: 0 | AQ25: 0 | AR25: 0 | AS25: 0 | AT25: 0 | AU25: =+U25+V25+W25+Y25-Z25-AB25-AC25-AD25-AE25+AF25-AG25+AJ25 -> 12 | AV25: =+Q25*U25 -> 198045.32 | AW25: =+Q25*V25 -> 0 | AX25: =+Q25*W25 -> 18004.12 | AY25: =+Q25*X25 -> 0 | AZ25: =+(Q25*1.0833*Y25)+((P25*O25)/25*Y25) -> 0 | BA25: =-Q25/8*Z25 -> 0 | BB25: =+Q25/8*AA25 -> 0 | BC25: =-Q25*AB25 -> 0 | BD25: =-Q25*AC25 -> 0 | BE25: =-Q25/8*AD25 -> 0 | BF25: =-Q25*AE25 -> 0 | BG25: =+Q25*AF25 -> 0 | BH25: =-Q25*AG25 -> 0 | BI25: =+Q25*AI25 -> 0 | BJ25: =+Q25*AH25 -> 0 | BK25: =+Q25*AJ25 -> 0 | BL25: =+(P25*O25)/25*(U25+V25+W25-Z25-AB25-AC25-AD25-AE25+AF25-AG25) -> 0 | BM25: =+$BM$15/25*(U25+V25+Y25+AF25+AH25+AI25)*0 -> 0 | BP25: =+M25*(AU25+AH25+AI25) -> 0 | BS25: =+$BS$15*AM25 -> 0 | BT25: =+$BT$15*AN25 -> 0 | BU25: =+$BU$15*AO25 -> 0 | BV25: =+$BV$15*AP25 -> 0 | CA25: =+IF(H25>59,+SUM(AV25:BX25)*138.92%,0) -> 0 | CB25: =SUM(AV25:CA25) -> 216049.44 | CE25: =-MIN(CB25,$CC$12)*$CD$15 -> -6481.4832 | CF25: =-IF(E25="FOTIA",(CB25-AZ25)*1%,(CB25-AZ25)*1.5%) -> -2160.4944 | CI25: =+IF(H25>59,0,(CB25*138.92%)) -> 300135.88 | CJ25: =-MIN(CI25,$CC$12)*$CD$15 -> -9004.0765 | CK25: =-IF(E25="FOTIA",(CI25-BE25)*1%,(CI25-BE25)*1.5%) -> -3001.3588 | CL25: 0 | CN25: 0 | CZ25: =-SUM(CB25+CC25+CD25+CE25+CF25)*I25 -> 0 | DA25: =-SUM(CB25+CC25+CD25+CE25+CF25+CI25+CJ25+CK25)*J25 -> 0 | DB25: =SUM(CB25:DA25) -> 495537.91 | DC25: =ROUND(DB25,0) -> 495538 | DE25: =+DD25-DC25 -> -495538
A26: =500000+B26 -> 509812 | B26: 9812 | C26: CAMPO | D26: ARGAÑARAZ FRANCO IVAN | E26: FOTIA | F26: 0 | K26: Q02 | O26: 0 | P26: =+VLOOKUP(K26,$W$4:$AC$11,5,0) -> 5401.236 | Q26: =+VLOOKUP(K26,$W$4:$Z$11,2,0) -> 18004.12 | R26: =+VLOOKUP(K26,$W$4:$Y$11,3,0) -> 25011.121 | T26: 7 | U26: =+T26 -> 7 | V26: 0 | W26: 0 | X26: 0 | Y26: 0 | Z26: 0 | AA26: 0 | AB26: 0 | AC26: 0 | AD26: 0 | AE26: 0 | AF26: 0 | AG26: 0 | AH26: 0 | AI26: 0 | AJ26: 0 | AK26: 0 | AL26: 0 | AM26: 0 | AN26: 0 | AO26: 0 | AP26: 0 | AQ26: 0 | AR26: 0 | AS26: 0 | AT26: 0 | AU26: =+U26+V26+W26+Y26-Z26-AB26-AC26-AD26-AE26+AF26-AG26+AJ26 -> 7 | AV26: =+Q26*U26 -> 126028.84 | AW26: =+Q26*V26 -> 0 | AX26: =+Q26*W26 -> 0 | AY26: =+Q26*X26 -> 0 | AZ26: =+(Q26*1.0833*Y26)+((P26*O26)/25*Y26) -> 0 | BA26: =-Q26/8*Z26 -> 0 | BB26: =+Q26/8*AA26 -> 0 | BC26: =-Q26*AB26 -> 0 | BD26: =-Q26*AC26 -> 0 | BE26: =-Q26/8*AD26 -> 0 | BF26: =-Q26*AE26 -> 0 | BG26: =+Q26*AF26 -> 0 | BH26: =-Q26*AG26 -> 0 | BI26: =+Q26*AI26 -> 0 | BJ26: =+Q26*AH26 -> 0 | BK26: =+Q26*AJ26 -> 0 | BL26: =+(P26*O26)/25*(U26+V26+W26-Z26-AB26-AC26-AD26-AE26+AF26-AG26) -> 0 | BM26: =+$BM$15/25*(U26+V26+Y26+AF26+AH26+AI26)*0 -> 0 | BP26: =+M26*(AU26+AH26+AI26) -> 0 | BS26: =+$BS$15*AM26 -> 0 | BT26: =+$BT$15*AN26 -> 0 | BU26: =+$BU$15*AO26 -> 0 | BV26: =+$BV$15*AP26 -> 0 | CA26: =+IF(H26>59,+SUM(AV26:BX26)*138.92%,0) -> 0 | CB26: =SUM(AV26:CA26) -> 126028.84 | CE26: =-MIN(CB26,$CC$12)*$CD$15 -> -3780.8652 | CF26: =-IF(E26="FOTIA",(CB26-AZ26)*1%,(CB26-AZ26)*1.5%) -> -1260.2884 | CI26: =+IF(H26>59,0,(CB26*138.92%)) -> 175079.26 | CJ26: =-MIN(CI26,$CC$12)*$CD$15 -> -5252.3779 | CK26: =-IF(E26="FOTIA",(CI26-BE26)*1%,(CI26-BE26)*1.5%) -> -1750.7926 | CL26: 0 | CN26: 0 | CZ26: =-SUM(CB26+CC26+CD26+CE26+CF26)*I26 -> 0 | DA26: =-SUM(CB26+CC26+CD26+CE26+CF26+CI26+CJ26+CK26)*J26 -> 0 | DB26: =SUM(CB26:DA26) -> 289063.78 | DC26: =ROUND(DB26,0) -> 289064 | DE26: =+DD26-DC26 -> -289064
A27: =500000+B27 -> 509832 | B27: 9832 | C27: CAMPO | D27: ARGAÑARAZ RODRIGO ALBERTO | E27: FOTIA | F27: 0 | K27: Q02 | O27: 0 | P27: =+VLOOKUP(K27,$W$4:$AC$11,5,0) -> 5401.236 | Q27: =+VLOOKUP(K27,$W$4:$Z$11,2,0) -> 18004.12 | R27: =+VLOOKUP(K27,$W$4:$Y$11,3,0) -> 25011.121 | T27: 11 | U27: =+T27 -> 11 | V27: 0 | W27: 1 | X27: 0 | Y27: 0 | Z27: 0 | AA27: 0 | AB27: 0 | AC27: 0 | AD27: 0 | AE27: 0 | AF27: 0 | AG27: 0 | AH27: 0 | AI27: 0 | AJ27: 0 | AK27: 0 | AL27: 0 | AM27: 0 | AN27: 0 | AO27: 0 | AP27: 0 | AQ27: 0 | AR27: 0 | AS27: 0 | AT27: 0 | AU27: =+U27+V27+W27+Y27-Z27-AB27-AC27-AD27-AE27+AF27-AG27+AJ27 -> 12 | AV27: =+Q27*U27 -> 198045.32 | AW27: =+Q27*V27 -> 0 | AX27: =+Q27*W27 -> 18004.12 | AY27: =+Q27*X27 -> 0 | AZ27: =+(Q27*1.0833*Y27)+((P27*O27)/25*Y27) -> 0 | BA27: =-Q27/8*Z27 -> 0 | BB27: =+Q27/8*AA27 -> 0 | BC27: =-Q27*AB27 -> 0 | BD27: =-Q27*AC27 -> 0 | BE27: =-Q27/8*AD27 -> 0 | BF27: =-Q27*AE27 -> 0 | BG27: =+Q27*AF27 -> 0 | BH27: =-Q27*AG27 -> 0 | BI27: =+Q27*AI27 -> 0 | BJ27: =+Q27*AH27 -> 0 | BK27: =+Q27*AJ27 -> 0 | BL27: =+(P27*O27)/25*(U27+V27+W27-Z27-AB27-AC27-AD27-AE27+AF27-AG27) -> 0 | BM27: =+$BM$15/25*(U27+V27+Y27+AF27+AH27+AI27)*0 -> 0 | BP27: =+M27*(AU27+AH27+AI27) -> 0 | BS27: =+$BS$15*AM27 -> 0 | BT27: =+$BT$15*AN27 -> 0 | BU27: =+$BU$15*AO27 -> 0 | BV27: =+$BV$15*AP27 -> 0 | CA27: =+IF(H27>59,+SUM(AV27:BX27)*138.92%,0) -> 0 | CB27: =SUM(AV27:CA27) -> 216049.44 | CE27: =-MIN(CB27,$CC$12)*$CD$15 -> -6481.4832 | CF27: =-IF(E27="FOTIA",(CB27-AZ27)*1%,(CB27-AZ27)*1.5%) -> -2160.4944 | CI27: =+IF(H27>59,0,(CB27*138.92%)) -> 300135.88 | CJ27: =-MIN(CI27,$CC$12)*$CD$15 -> -9004.0765 | CK27: =-IF(E27="FOTIA",(CI27-BE27)*1%,(CI27-BE27)*1.5%) -> -3001.3588 | CL27: 0 | CN27: 0 | CZ27: =-SUM(CB27+CC27+CD27+CE27+CF27)*I27 -> 0 | DA27: =-SUM(CB27+CC27+CD27+CE27+CF27+CI27+CJ27+CK27)*J27 -> 0 | DB27: =SUM(CB27:DA27) -> 495537.91 | DC27: =ROUND(DB27,0) -> 495538 | DE27: =+DD27-DC27 -> -495538
A28: =500000+B28 -> 509653 | B28: 9653 | C28: CAMPO | D28: ARGAÑARAZ SERGIO VICTOR | E28: FEIA | F28: 3 | K28: Q04 | O28: 7 | P28: =+VLOOKUP(K28,$W$4:$AC$11,5,0) -> 5700.726 | Q28: =+VLOOKUP(K28,$W$4:$Z$11,2,0) -> 19002.42 | R28: =+VLOOKUP(K28,$W$4:$Y$11,3,0) -> 26397.964 | T28: 0 | U28: =+T28 -> 0 | V28: 0 | W28: 0 | X28: 0 | Y28: 0 | Z28: 0 | AA28: 0 | AB28: 0 | AC28: 0 | AD28: 0 | AE28: 0 | AF28: 0 | AG28: 0 | AH28: 0 | AI28: 0 | AJ28: 0 | AK28: 0 | AL28: 0 | AM28: 0 | AN28: 0 | AO28: 0 | AP28: 0 | AQ28: 0 | AR28: 0 | AS28: 0 | AT28: 0 | AU28: =+U28+V28+W28+Y28-Z28-AB28-AC28-AD28-AE28+AF28-AG28+AJ28 -> 0 | AV28: =+Q28*U28 -> 0 | AW28: =+Q28*V28 -> 0 | AX28: =+Q28*W28 -> 0 | AY28: =+Q28*X28 -> 0 | AZ28: =+(Q28*1.0833*Y28)+((P28*O28)/25*Y28) -> 0 | BA28: =-Q28/8*Z28 -> 0 | BB28: =+Q28/8*AA28 -> 0 | BC28: =-Q28*AB28 -> 0 | BD28: =-Q28*AC28 -> 0 | BE28: =-Q28/8*AD28 -> 0 | BF28: =-Q28*AE28 -> 0 | BG28: =+Q28*AF28 -> 0 | BH28: =-Q28*AG28 -> 0 | BI28: =+Q28*AI28 -> 0 | BJ28: =+Q28*AH28 -> 0 | BK28: =+Q28*AJ28 -> 0 | BL28: =+(P28*O28)/25*(U28+V28+W28-Z28-AB28-AC28-AD28-AE28+AF28-AG28) -> 0 | BM28: =+$BM$15/25*(U28+V28+Y28+AF28+AH28+AI28)*0 -> 0 | BP28: =+M28*(AU28+AH28+AI28) -> 0 | BS28: =+$BS$15*AM28 -> 0 | BT28: =+$BT$15*AN28 -> 0 | BU28: =+$BU$15*AO28 -> 0 | BV28: =+$BV$15*AP28 -> 0 | CA28: =+IF(H28>59,+SUM(AV28:BX28)*138.92%,0) -> 0 | CB28: =SUM(AV28:CA28) -> 0 | CE28: =-MIN(CB28,$CC$12)*$CD$15 -> 0 | CF28: =-IF(E28="FOTIA",(CB28-AZ28)*1%,(CB28-AZ28)*1.5%) -> 0 | CI28: =+IF(H28>59,0,(CB28*138.92%)) -> 0 | CJ28: =-MIN(CI28,$CC$12)*$CD$15 -> 0 | CK28: =-IF(E28="FOTIA",(CI28-BE28)*1%,(CI28-BE28)*1.5%) -> 0 | CL28: 0 | CN28: 0 | CZ28: =-SUM(CB28+CC28+CD28+CE28+CF28)*I28 -> 0 | DA28: =-SUM(CB28+CC28+CD28+CE28+CF28+CI28+CJ28+CK28)*J28 -> 0 | DB28: =SUM(CB28:DA28) -> 0 | DC28: =ROUND(DB28,0) -> 0 | DE28: =+DD28-DC28 -> 0
A29: =500000+B29 -> 509643 | B29: 9643 | C29: CAMPO | D29: ARIAS HORACIO OSCAR | E29: FEIA | F29: 3 | I29: 0.2 | K29: Q04 | O29: 9 | P29: =+VLOOKUP(K29,$W$4:$AC$11,5,0) -> 5700.726 | Q29: =+VLOOKUP(K29,$W$4:$Z$11,2,0) -> 19002.42 | R29: =+VLOOKUP(K29,$W$4:$Y$11,3,0) -> 26397.964 | T29: 0 | U29: =+T29 -> 0 | V29: 0 | W29: 0 | X29: 0 | Y29: 0 | Z29: 0 | AA29: 0 | AB29: 0 | AC29: 0 | AD29: 0 | AE29: 0 | AF29: 0 | AG29: 0 | AH29: 0 | AI29: 0 | AJ29: 0 | AK29: 0 | AL29: 0 | AM29: 0 | AN29: 0 | AO29: 0 | AP29: 0 | AQ29: 0 | AR29: 0 | AS29: 0 | AT29: 0 | AU29: =+U29+V29+W29+Y29-Z29-AB29-AC29-AD29-AE29+AF29-AG29+AJ29 -> 0 | AV29: =+Q29*U29 -> 0 | AW29: =+Q29*V29 -> 0 | AX29: =+Q29*W29 -> 0 | AY29: =+Q29*X29 -> 0 | AZ29: =+(Q29*1.0833*Y29)+((P29*O29)/25*Y29) -> 0 | BA29: =-Q29/8*Z29 -> 0 | BB29: =+Q29/8*AA29 -> 0 | BC29: =-Q29*AB29 -> 0 | BD29: =-Q29*AC29 -> 0 | BE29: =-Q29/8*AD29 -> 0 | BF29: =-Q29*AE29 -> 0 | BG29: =+Q29*AF29 -> 0 | BH29: =-Q29*AG29 -> 0 | BI29: =+Q29*AI29 -> 0 | BJ29: =+Q29*AH29 -> 0 | BK29: =+Q29*AJ29 -> 0 | BL29: =+(P29*O29)/25*(U29+V29+W29-Z29-AB29-AC29-AD29-AE29+AF29-AG29) -> 0 | BM29: =+$BM$15/25*(U29+V29+Y29+AF29+AH29+AI29)*0 -> 0 | BP29: =+M29*(AU29+AH29+AI29) -> 0 | BS29: =+$BS$15*AM29 -> 0 | BT29: =+$BT$15*AN29 -> 0 | BU29: =+$BU$15*AO29 -> 0 | BV29: =+$BV$15*AP29 -> 0 | CA29: =+IF(H29>59,+SUM(AV29:BX29)*138.92%,0) -> 0 | CB29: =SUM(AV29:CA29) -> 0 | CE29: =-MIN(CB29,$CC$12)*$CD$15 -> 0 | CF29: =-IF(E29="FOTIA",(CB29-AZ29)*1%,(CB29-AZ29)*1.5%) -> 0 | CI29: =+IF(H29>59,0,(CB29*138.92%)) -> 0 | CJ29: =-MIN(CI29,$CC$12)*$CD$15 -> 0 | CK29: =-IF(E29="FOTIA",(CI29-BE29)*1%,(CI29-BE29)*1.5%) -> 0 | CL29: 0 | CN29: 0 | CZ29: =-SUM(CB29+CC29+CD29+CE29+CF29)*I29 -> 0 | DA29: =-SUM(CB29+CC29+CD29+CE29+CF29+CI29+CJ29+CK29)*J29 -> 0 | DB29: =SUM(CB29:DA29) -> 0 | DC29: =ROUND(DB29,0) -> 0 | DE29: =+DD29-DC29 -> 0
A30: =500000+B30 -> 509654 | B30: 9654 | C30: CAMPO | D30: ARIAS SEGUNDO FRANCISCO | E30: FEIA | F30: 0 | K30: Q04 | O30: 0 | P30: =+VLOOKUP(K30,$W$4:$AC$11,5,0) -> 5700.726 | Q30: =+VLOOKUP(K30,$W$4:$Z$11,2,0) -> 19002.42 | R30: =+VLOOKUP(K30,$W$4:$Y$11,3,0) -> 26397.964 | T30: 0 | U30: =+T30 -> 0 | V30: 0 | W30: 0 | X30: 0 | Y30: 0 | Z30: 0 | AA30: 0 | AB30: 0 | AC30: 0 | AD30: 0 | AE30: 0 | AF30: 0 | AG30: 0 | AH30: 0 | AI30: 0 | AJ30: 0 | AK30: 0 | AL30: 0 | AM30: 0 | AN30: 0 | AO30: 0 | AP30: 0 | AQ30: 0 | AR30: 0 | AS30: 0 | AT30: 0 | AU30: =+U30+V30+W30+Y30-Z30-AB30-AC30-AD30-AE30+AF30-AG30+AJ30 -> 0 | AV30: =+Q30*U30 -> 0 | AW30: =+Q30*V30 -> 0 | AX30: =+Q30*W30 -> 0 | AY30: =+Q30*X30 -> 0 | AZ30: =+(Q30*1.0833*Y30)+((P30*O30)/25*Y30) -> 0 | BA30: =-Q30/8*Z30 -> 0 | BB30: =+Q30/8*AA30 -> 0 | BC30: =-Q30*AB30 -> 0 | BD30: =-Q30*AC30 -> 0 | BE30: =-Q30/8*AD30 -> 0 | BF30: =-Q30*AE30 -> 0 | BG30: =+Q30*AF30 -> 0 | BH30: =-Q30*AG30 -> 0 | BI30: =+Q30*AI30 -> 0 | BJ30: =+Q30*AH30 -> 0 | BK30: =+Q30*AJ30 -> 0 | BL30: =+(P30*O30)/25*(U30+V30+W30-Z30-AB30-AC30-AD30-AE30+AF30-AG30) -> 0 | BM30: =+$BM$15/25*(U30+V30+Y30+AF30+AH30+AI30)*0 -> 0 | BP30: =+M30*(AU30+AH30+AI30) -> 0 | BS30: =+$BS$15*AM30 -> 0 | BT30: =+$BT$15*AN30 -> 0 | BU30: =+$BU$15*AO30 -> 0 | BV30: =+$BV$15*AP30 -> 0 | CA30: =+IF(H30>59,+SUM(AV30:BX30)*138.92%,0) -> 0 | CB30: =SUM(AV30:CA30) -> 0 | CE30: =-MIN(CB30,$CC$12)*$CD$15 -> 0 | CF30: =-IF(E30="FOTIA",(CB30-AZ30)*1%,(CB30-AZ30)*1.5%) -> 0 | CI30: =+IF(H30>59,0,(CB30*138.92%)) -> 0 | CJ30: =-MIN(CI30,$CC$12)*$CD$15 -> 0 | CK30: =-IF(E30="FOTIA",(CI30-BE30)*1%,(CI30-BE30)*1.5%) -> 0 | CL30: 0 | CN30: 0 | CZ30: =-SUM(CB30+CC30+CD30+CE30+CF30)*I30 -> 0 | DA30: =-SUM(CB30+CC30+CD30+CE30+CF30+CI30+CJ30+CK30)*J30 -> 0 | DB30: =SUM(CB30:DA30) -> 0 | DC30: =ROUND(DB30,0) -> 0 | DE30: =+DD30-DC30 -> 0
A31: =500000+B31 -> 509656 | B31: 9656 | C31: CAMPO | D31: BARRAZA RUBEN DAVID | E31: FEIA | F31: 0 | K31: Q04 | O31: 0 | P31: =+VLOOKUP(K31,$W$4:$AC$11,5,0) -> 5700.726 | Q31: =+VLOOKUP(K31,$W$4:$Z$11,2,0) -> 19002.42 | R31: =+VLOOKUP(K31,$W$4:$Y$11,3,0) -> 26397.964 | T31: 0 | U31: =+T31 -> 0 | V31: 0 | W31: 0 | X31: 0 | Y31: 0 | Z31: 0 | AA31: 0 | AB31: 0 | AC31: 0 | AD31: 0 | AE31: 0 | AF31: 0 | AG31: 0 | AH31: 0 | AI31: 0 | AJ31: 0 | AK31: 0 | AL31: 0 | AM31: 0 | AN31: 0 | AO31: 0 | AP31: 0 | AQ31: 0 | AR31: 0 | AS31: 0 | AT31: 0 | AU31: =+U31+V31+W31+Y31-Z31-AB31-AC31-AD31-AE31+AF31-AG31+AJ31 -> 0 | AV31: =+Q31*U31 -> 0 | AW31: =+Q31*V31 -> 0 | AX31: =+Q31*W31 -> 0 | AY31: =+Q31*X31 -> 0 | AZ31: =+(Q31*1.0833*Y31)+((P31*O31)/25*Y31) -> 0 | BA31: =-Q31/8*Z31 -> 0 | BB31: =+Q31/8*AA31 -> 0 | BC31: =-Q31*AB31 -> 0 | BD31: =-Q31*AC31 -> 0 | BE31: =-Q31/8*AD31 -> 0 | BF31: =-Q31*AE31 -> 0 | BG31: =+Q31*AF31 -> 0 | BH31: =-Q31*AG31 -> 0 | BI31: =+Q31*AI31 -> 0 | BJ31: =+Q31*AH31 -> 0 | BK31: =+Q31*AJ31 -> 0 | BL31: =+(P31*O31)/25*(U31+V31+W31-Z31-AB31-AC31-AD31-AE31+AF31-AG31) -> 0 | BM31: =+$BM$15/25*(U31+V31+Y31+AF31+AH31+AI31)*0 -> 0 | BP31: =+M31*(AU31+AH31+AI31) -> 0 | BS31: =+$BS$15*AM31 -> 0 | BT31: =+$BT$15*AN31 -> 0 | BU31: =+$BU$15*AO31 -> 0 | BV31: =+$BV$15*AP31 -> 0 | CA31: =+IF(H31>59,+SUM(AV31:BX31)*138.92%,0) -> 0 | CB31: =SUM(AV31:CA31) -> 0 | CE31: =-MIN(CB31,$CC$12)*$CD$15 -> 0 | CF31: =-IF(E31="FOTIA",(CB31-AZ31)*1%,(CB31-AZ31)*1.5%) -> 0 | CI31: =+IF(H31>59,0,(CB31*138.92%)) -> 0 | CJ31: =-MIN(CI31,$CC$12)*$CD$15 -> 0 | CK31: =-IF(E31="FOTIA",(CI31-BE31)*1%,(CI31-BE31)*1.5%) -> 0 | CL31: 0 | CN31: 0 | CZ31: =-SUM(CB31+CC31+CD31+CE31+CF31)*I31 -> 0 | DA31: =-SUM(CB31+CC31+CD31+CE31+CF31+CI31+CJ31+CK31)*J31 -> 0 | DB31: =SUM(CB31:DA31) -> 0 | DC31: =ROUND(DB31,0) -> 0 | DE31: =+DD31-DC31 -> 0
A32: =500000+B32 -> 509645 | B32: 9645 | C32: CAMPO | D32: BELMONTE CESAR ANTONIO | E32: FEIA | F32: 3 | K32: Q04 | O32: 10 | P32: =+VLOOKUP(K32,$W$4:$AC$11,5,0) -> 5700.726 | Q32: =+VLOOKUP(K32,$W$4:$Z$11,2,0) -> 19002.42 | R32: =+VLOOKUP(K32,$W$4:$Y$11,3,0) -> 26397.964 | T32: 12 | U32: =+T32 -> 12 | V32: 0 | W32: 1 | X32: 0 | Y32: 0 | Z32: 0 | AA32: 0 | AB32: 0 | AC32: 0 | AD32: 0 | AE32: 0 | AF32: 0 | AG32: 0 | AH32: 0 | AI32: 0 | AJ32: 0 | AK32: 0 | AL32: 0 | AM32: 0 | AN32: 0 | AO32: 0 | AP32: 0 | AQ32: 0 | AR32: 0 | AS32: 0 | AT32: 0 | AU32: =+U32+V32+W32+Y32-Z32-AB32-AC32-AD32-AE32+AF32-AG32+AJ32 -> 13 | AV32: =+Q32*U32 -> 228029.04 | AW32: =+Q32*V32 -> 0 | AX32: =+Q32*W32 -> 19002.42 | AY32: =+Q32*X32 -> 0 | AZ32: =+(Q32*1.0833*Y32)+((P32*O32)/25*Y32) -> 0 | BA32: =-Q32/8*Z32 -> 0 | BB32: =+Q32/8*AA32 -> 0 | BC32: =-Q32*AB32 -> 0 | BD32: =-Q32*AC32 -> 0 | BE32: =-Q32/8*AD32 -> 0 | BF32: =-Q32*AE32 -> 0 | BG32: =+Q32*AF32 -> 0 | BH32: =-Q32*AG32 -> 0 | BI32: =+Q32*AI32 -> 0 | BJ32: =+Q32*AH32 -> 0 | BK32: =+Q32*AJ32 -> 0 | BL32: =+(P32*O32)/25*(U32+V32+W32-Z32-AB32-AC32-AD32-AE32+AF32-AG32) -> 29643.775 | BM32: =+$BM$15/25*(U32+V32+Y32+AF32+AH32+AI32)*0 -> 0 | BP32: =+M32*(AU32+AH32+AI32) -> 0 | BS32: =+$BS$15*AM32 -> 0 | BT32: =+$BT$15*AN32 -> 0 | BU32: =+$BU$15*AO32 -> 0 | BV32: =+$BV$15*AP32 -> 0 | CA32: =+IF(H32>59,+SUM(AV32:BX32)*138.92%,0) -> 0 | CB32: =SUM(AV32:CA32) -> 276675.24 | CE32: =-MIN(CB32,$CC$12)*$CD$15 -> -8300.2571 | CF32: =-IF(E32="FOTIA",(CB32-AZ32)*1%,(CB32-AZ32)*1.5%) -> -4150.1285 | CI32: =+IF(H32>59,0,(CB32*138.92%)) -> 384357.24 | CJ32: =-MIN(CI32,$CC$12)*$CD$15 -> -11530.717 | CK32: =-IF(E32="FOTIA",(CI32-BE32)*1%,(CI32-BE32)*1.5%) -> -5765.3586 | CL32: 0 | CN32: 0 | CZ32: =-SUM(CB32+CC32+CD32+CE32+CF32)*I32 -> 0 | DA32: =-SUM(CB32+CC32+CD32+CE32+CF32+CI32+CJ32+CK32)*J32 -> 0 | DB32: =SUM(CB32:DA32) -> 631286.01 | DC32: =ROUND(DB32,0) -> 631286 | DE32: =+DD32-DC32 -> -631286
A33: =500000+B33 -> 509658 | B33: 9658 | C33: CAMPO | D33: BORQUES VIRGILIO MARIO | E33: FEIA | F33: 3 | K33: Q04 | O33: 5 | P33: =+VLOOKUP(K33,$W$4:$AC$11,5,0) -> 5700.726 | Q33: =+VLOOKUP(K33,$W$4:$Z$11,2,0) -> 19002.42 | R33: =+VLOOKUP(K33,$W$4:$Y$11,3,0) -> 26397.964 | T33: 0 | U33: =+T33 -> 0 | V33: 0 | W33: 0 | X33: 0 | Y33: 0 | Z33: 0 | AA33: 0 | AB33: 0 | AC33: 0 | AD33: 0 | AE33: 0 | AF33: 0 | AG33: 0 | AH33: 0 | AI33: 0 | AJ33: 0 | AK33: 0 | AL33: 0 | AM33: 0 | AN33: 0 | AO33: 0 | AP33: 0 | AQ33: 0 | AR33: 0 | AS33: 0 | AT33: 0 | AU33: =+U33+V33+W33+Y33-Z33-AB33-AC33-AD33-AE33+AF33-AG33+AJ33 -> 0 | AV33: =+Q33*U33 -> 0 | AW33: =+Q33*V33 -> 0 | AX33: =+Q33*W33 -> 0 | AY33: =+Q33*X33 -> 0 | AZ33: =+(Q33*1.0833*Y33)+((P33*O33)/25*Y33) -> 0 | BA33: =-Q33/8*Z33 -> 0 | BB33: =+Q33/8*AA33 -> 0 | BC33: =-Q33*AB33 -> 0 | BD33: =-Q33*AC33 -> 0 | BE33: =-Q33/8*AD33 -> 0 | BF33: =-Q33*AE33 -> 0 | BG33: =+Q33*AF33 -> 0 | BH33: =-Q33*AG33 -> 0 | BI33: =+Q33*AI33 -> 0 | BJ33: =+Q33*AH33 -> 0 | BK33: =+Q33*AJ33 -> 0 | BL33: =+(P33*O33)/25*(U33+V33+W33-Z33-AB33-AC33-AD33-AE33+AF33-AG33) -> 0 | BM33: =+$BM$15/25*(U33+V33+Y33+AF33+AH33+AI33)*0 -> 0 | BP33: =+M33*(AU33+AH33+AI33) -> 0 | BS33: =+$BS$15*AM33 -> 0 | BT33: =+$BT$15*AN33 -> 0 | BU33: =+$BU$15*AO33 -> 0 | BV33: =+$BV$15*AP33 -> 0 | CA33: =+IF(H33>59,+SUM(AV33:BX33)*138.92%,0) -> 0 | CB33: =SUM(AV33:CA33) -> 0 | CE33: =-MIN(CB33,$CC$12)*$CD$15 -> 0 | CF33: =-IF(E33="FOTIA",(CB33-AZ33)*1%,(CB33-AZ33)*1.5%) -> 0 | CI33: =+IF(H33>59,0,(CB33*138.92%)) -> 0 | CJ33: =-MIN(CI33,$CC$12)*$CD$15 -> 0 | CK33: =-IF(E33="FOTIA",(CI33-BE33)*1%,(CI33-BE33)*1.5%) -> 0 | CL33: 0 | CN33: 0 | CZ33: =-SUM(CB33+CC33+CD33+CE33+CF33)*I33 -> 0 | DA33: =-SUM(CB33+CC33+CD33+CE33+CF33+CI33+CJ33+CK33)*J33 -> 0 | DB33: =SUM(CB33:DA33) -> 0 | DC33: =ROUND(DB33,0) -> 0 | DE33: =+DD33-DC33 -> 0
A34: =500000+B34 -> 509659 | B34: 9659 | C34: CAMPO | D34: BORQUEZ JOSE ALBERTO | E34: FEIA | F34: 3 | K34: Q04 | O34: 7 | P34: =+VLOOKUP(K34,$W$4:$AC$11,5,0) -> 5700.726 | Q34: =+VLOOKUP(K34,$W$4:$Z$11,2,0) -> 19002.42 | R34: =+VLOOKUP(K34,$W$4:$Y$11,3,0) -> 26397.964 | T34: 0 | U34: =+T34 -> 0 | V34: 0 | W34: 0 | X34: 0 | Y34: 0 | Z34: 0 | AA34: 0 | AB34: 0 | AC34: 0 | AD34: 0 | AE34: 0 | AF34: 0 | AG34: 0 | AH34: 0 | AI34: 0 | AJ34: 0 | AK34: 0 | AL34: 0 | AM34: 0 | AN34: 0 | AO34: 0 | AP34: 0 | AQ34: 0 | AR34: 0 | AS34: 0 | AT34: 0 | AU34: =+U34+V34+W34+Y34-Z34-AB34-AC34-AD34-AE34+AF34-AG34+AJ34 -> 0 | AV34: =+Q34*U34 -> 0 | AW34: =+Q34*V34 -> 0 | AX34: =+Q34*W34 -> 0 | AY34: =+Q34*X34 -> 0 | AZ34: =+(Q34*1.0833*Y34)+((P34*O34)/25*Y34) -> 0 | BA34: =-Q34/8*Z34 -> 0 | BB34: =+Q34/8*AA34 -> 0 | BC34: =-Q34*AB34 -> 0 | BD34: =-Q34*AC34 -> 0 | BE34: =-Q34/8*AD34 -> 0 | BF34: =-Q34*AE34 -> 0 | BG34: =+Q34*AF34 -> 0 | BH34: =-Q34*AG34 -> 0 | BI34: =+Q34*AI34 -> 0 | BJ34: =+Q34*AH34 -> 0 | BK34: =+Q34*AJ34 -> 0 | BL34: =+(P34*O34)/25*(U34+V34+W34-Z34-AB34-AC34-AD34-AE34+AF34-AG34) -> 0 | BM34: =+$BM$15/25*(U34+V34+Y34+AF34+AH34+AI34)*0 -> 0 | BP34: =+M34*(AU34+AH34+AI34) -> 0 | BS34: =+$BS$15*AM34 -> 0 | BT34: =+$BT$15*AN34 -> 0 | BU34: =+$BU$15*AO34 -> 0 | BV34: =+$BV$15*AP34 -> 0 | CA34: =+IF(H34>59,+SUM(AV34:BX34)*138.92%,0) -> 0 | CB34: =SUM(AV34:CA34) -> 0 | CE34: =-MIN(CB34,$CC$12)*$CD$15 -> 0 | CF34: =-IF(E34="FOTIA",(CB34-AZ34)*1%,(CB34-AZ34)*1.5%) -> 0 | CI34: =+IF(H34>59,0,(CB34*138.92%)) -> 0 | CJ34: =-MIN(CI34,$CC$12)*$CD$15 -> 0 | CK34: =-IF(E34="FOTIA",(CI34-BE34)*1%,(CI34-BE34)*1.5%) -> 0 | CL34: 0 | CN34: 0 | CZ34: =-SUM(CB34+CC34+CD34+CE34+CF34)*I34 -> 0 | DA34: =-SUM(CB34+CC34+CD34+CE34+CF34+CI34+CJ34+CK34)*J34 -> 0 | DB34: =SUM(CB34:DA34) -> 0 | DC34: =ROUND(DB34,0) -> 0 | DE34: =+DD34-DC34 -> 0
A35: =500000+B35 -> 509856 | B35: 9856 | C35: CAMPO | D35: BULACIO MIGUEL ALBERTO | E35: FEIA | F35: 0 | K35: Q04 | O35: 0 | P35: =+VLOOKUP(K35,$W$4:$AC$11,5,0) -> 5700.726 | Q35: =+VLOOKUP(K35,$W$4:$Z$11,2,0) -> 19002.42 | R35: =+VLOOKUP(K35,$W$4:$Y$11,3,0) -> 26397.964 | T35: 6 | U35: =+T35 -> 6 | V35: 0 | W35: 1 | X35: 0 | Y35: 0 | Z35: 0 | AA35: 0 | AB35: 0 | AC35: 0 | AD35: 0 | AE35: 0 | AF35: 0 | AG35: 0 | AH35: 0 | AI35: 0 | AJ35: 0 | AK35: 0 | AL35: 0 | AM35: 0 | AN35: 0 | AO35: 0 | AP35: 0 | AQ35: 0 | AR35: 0 | AS35: 0 | AT35: 0 | AU35: =+U35+V35+W35+Y35-Z35-AB35-AC35-AD35-AE35+AF35-AG35+AJ35 -> 7 | AV35: =+Q35*U35 -> 114014.52 | AW35: =+Q35*V35 -> 0 | AX35: =+Q35*W35 -> 19002.42 | AY35: =+Q35*X35 -> 0 | AZ35: =+(Q35*1.0833*Y35)+((P35*O35)/25*Y35) -> 0 | BA35: =-Q35/8*Z35 -> 0 | BB35: =+Q35/8*AA35 -> 0 | BC35: =-Q35*AB35 -> 0 | BD35: =-Q35*AC35 -> 0 | BE35: =-Q35/8*AD35 -> 0 | BF35: =-Q35*AE35 -> 0 | BG35: =+Q35*AF35 -> 0 | BH35: =-Q35*AG35 -> 0 | BI35: =+Q35*AI35 -> 0 | BJ35: =+Q35*AH35 -> 0 | BK35: =+Q35*AJ35 -> 0 | BL35: =+(P35*O35)/25*(U35+V35+W35-Z35-AB35-AC35-AD35-AE35+AF35-AG35) -> 0 | BM35: =+$BM$15/25*(U35+V35+Y35+AF35+AH35+AI35)*0 -> 0 | BP35: =+M35*(AU35+AH35+AI35) -> 0 | BS35: =+$BS$15*AM35 -> 0 | BT35: =+$BT$15*AN35 -> 0 | BU35: =+$BU$15*AO35 -> 0 | BV35: =+$BV$15*AP35 -> 0 | CA35: =+IF(H35>59,+SUM(AV35:BX35)*138.92%,0) -> 0 | CB35: =SUM(AV35:CA35) -> 133016.94 | CE35: =-MIN(CB35,$CC$12)*$CD$15 -> -3990.5082 | CF35: =-IF(E35="FOTIA",(CB35-AZ35)*1%,(CB35-AZ35)*1.5%) -> -1995.2541 | CI35: =+IF(H35>59,0,(CB35*138.92%)) -> 184787.13 | CJ35: =-MIN(CI35,$CC$12)*$CD$15 -> -5543.614 | CK35: =-IF(E35="FOTIA",(CI35-BE35)*1%,(CI35-BE35)*1.5%) -> -2771.807 | CL35: 0 | CN35: 0 | CZ35: =-SUM(CB35+CC35+CD35+CE35+CF35)*I35 -> 0 | DA35: =-SUM(CB35+CC35+CD35+CE35+CF35+CI35+CJ35+CK35)*J35 -> 0 | DB35: =SUM(CB35:DA35) -> 303502.89 | DC35: =ROUND(DB35,0) -> 303503 | DE35: =+DD35-DC35 -> -303503
A36: =500000+B36 -> 509661 | B36: 9661 | C36: CAMPO | D36: CAÑA MARIO CESAR | E36: FEIA | F36: 3 | H36: 61 | K36: Q04 | O36: 24 | P36: =+VLOOKUP(K36,$W$4:$AC$11,5,0) -> 5700.726 | Q36: =+VLOOKUP(K36,$W$4:$Z$11,2,0) -> 19002.42 | R36: =+VLOOKUP(K36,$W$4:$Y$11,3,0) -> 26397.964 | T36: 0 | U36: =+T36 -> 0 | V36: 0 | W36: 0 | X36: 0 | Y36: 0 | Z36: 0 | AA36: 0 | AB36: 0 | AC36: 0 | AD36: 0 | AE36: 0 | AF36: 0 | AG36: 0 | AH36: 0 | AI36: 0 | AJ36: 0 | AK36: 0 | AL36: 0 | AM36: 0 | AN36: 0 | AO36: 0 | AP36: 0 | AQ36: 0 | AR36: 0 | AS36: 0 | AT36: 0 | AU36: =+U36+V36+W36+Y36-Z36-AB36-AC36-AD36-AE36+AF36-AG36+AJ36 -> 0 | AV36: =+Q36*U36 -> 0 | AW36: =+Q36*V36 -> 0 | AX36: =+Q36*W36 -> 0 | AY36: =+Q36*X36 -> 0 | AZ36: =+(Q36*1.0833*Y36)+((P36*O36)/25*Y36) -> 0 | BA36: =-Q36/8*Z36 -> 0 | BB36: =+Q36/8*AA36 -> 0 | BC36: =-Q36*AB36 -> 0 | BD36: =-Q36*AC36 -> 0 | BE36: =-Q36/8*AD36 -> 0 | BF36: =-Q36*AE36 -> 0 | BG36: =+Q36*AF36 -> 0 | BH36: =-Q36*AG36 -> 0 | BI36: =+Q36*AI36 -> 0 | BJ36: =+Q36*AH36 -> 0 | BK36: =+Q36*AJ36 -> 0 | BL36: =+(P36*O36)/25*(U36+V36+W36-Z36-AB36-AC36-AD36-AE36+AF36-AG36) -> 0 | BM36: =+$BM$15/25*(U36+V36+Y36+AF36+AH36+AI36)*0 -> 0 | BP36: =+M36*(AU36+AH36+AI36) -> 0 | BS36: =+$BS$15*AM36 -> 0 | BT36: =+$BT$15*AN36 -> 0 | BU36: =+$BU$15*AO36 -> 0 | BV36: =+$BV$15*AP36 -> 0 | CA36: =+IF(H36>59,+SUM(AV36:BX36)*138.92%,0) -> 0 | CB36: =SUM(AV36:CA36) -> 0 | CE36: =-MIN(CB36,$CC$12)*$CD$15 -> 0 | CF36: =-IF(E36="FOTIA",(CB36-AZ36)*1%,(CB36-AZ36)*1.5%) -> 0 | CI36: =+IF(H36>59,0,(CB36*138.92%)) -> 0 | CJ36: =-MIN(CI36,$CC$12)*$CD$15 -> 0 | CK36: =-IF(E36="FOTIA",(CI36-BE36)*1%,(CI36-BE36)*1.5%) -> 0 | CL36: 0 | CN36: 0 | CZ36: =-SUM(CB36+CC36+CD36+CE36+CF36)*I36 -> 0 | DA36: =-SUM(CB36+CC36+CD36+CE36+CF36+CI36+CJ36+CK36)*J36 -> 0 | DB36: =SUM(CB36:DA36) -> 0 | DC36: =ROUND(DB36,0) -> 0 | DE36: =+DD36-DC36 -> 0
A37: =500000+B37 -> 509662 | B37: 9662 | C37: CAMPO | D37: CARRAZANA VICTOR HUGO | E37: FOTIA | F37: 1 | K37: Q02 | O37: 21 | P37: =+VLOOKUP(K37,$W$4:$AC$11,5,0) -> 5401.236 | Q37: =+VLOOKUP(K37,$W$4:$Z$11,2,0) -> 18004.12 | R37: =+VLOOKUP(K37,$W$4:$Y$11,3,0) -> 25011.121 | T37: 0 | U37: =+T37 -> 0 | V37: 0 | W37: 0 | X37: 0 | Y37: 0 | Z37: 0 | AA37: 0 | AB37: 0 | AC37: 0 | AD37: 0 | AE37: 0 | AF37: 0 | AG37: 0 | AH37: 0 | AI37: 0 | AJ37: 0 | AK37: 0 | AL37: 0 | AM37: 0 | AN37: 0 | AO37: 0 | AP37: 0 | AQ37: 0 | AR37: 0 | AS37: 0 | AT37: 0 | AU37: =+U37+V37+W37+Y37-Z37-AB37-AC37-AD37-AE37+AF37-AG37+AJ37 -> 0 | AV37: =+Q37*U37 -> 0 | AW37: =+Q37*V37 -> 0 | AX37: =+Q37*W37 -> 0 | AY37: =+Q37*X37 -> 0 | AZ37: =+(Q37*1.0833*Y37)+((P37*O37)/25*Y37) -> 0 | BA37: =-Q37/8*Z37 -> 0 | BB37: =+Q37/8*AA37 -> 0 | BC37: =-Q37*AB37 -> 0 | BD37: =-Q37*AC37 -> 0 | BE37: =-Q37/8*AD37 -> 0 | BF37: =-Q37*AE37 -> 0 | BG37: =+Q37*AF37 -> 0 | BH37: =-Q37*AG37 -> 0 | BI37: =+Q37*AI37 -> 0 | BJ37: =+Q37*AH37 -> 0 | BK37: =+Q37*AJ37 -> 0 | BL37: =+(P37*O37)/25*(U37+V37+W37-Z37-AB37-AC37-AD37-AE37+AF37-AG37) -> 0 | BM37: =+$BM$15/25*(U37+V37+Y37+AF37+AH37+AI37)*0 -> 0 | BP37: =+M37*(AU37+AH37+AI37) -> 0 | BS37: =+$BS$15*AM37 -> 0 | BT37: =+$BT$15*AN37 -> 0 | BU37: =+$BU$15*AO37 -> 0 | BV37: =+$BV$15*AP37 -> 0 | CA37: =+IF(H37>59,+SUM(AV37:BX37)*138.92%,0) -> 0 | CB37: =SUM(AV37:CA37) -> 0 | CE37: =-MIN(CB37,$CC$12)*$CD$15 -> 0 | CF37: =-IF(E37="FOTIA",(CB37-AZ37)*1%,(CB37-AZ37)*1.5%) -> 0 | CI37: =+IF(H37>59,0,(CB37*138.92%)) -> 0 | CJ37: =-MIN(CI37,$CC$12)*$CD$15 -> 0 | CK37: =-IF(E37="FOTIA",(CI37-BE37)*1%,(CI37-BE37)*1.5%) -> 0 | CL37: 0 | CN37: 0 | CZ37: =-SUM(CB37+CC37+CD37+CE37+CF37)*I37 -> 0 | DA37: =-SUM(CB37+CC37+CD37+CE37+CF37+CI37+CJ37+CK37)*J37 -> 0 | DB37: =SUM(CB37:DA37) -> 0 | DC37: =ROUND(DB37,0) -> 0 | DE37: =+DD37-DC37 -> 0
A38: =500000+B38 -> 509663 | B38: 9663 | C38: CAMPO | D38: CARRERAS MERCEDES ROSENDO | E38: FEIA | F38: 0 | H38: 65 | K38: Q02 | O38: 19 | P38: =+VLOOKUP(K38,$W$4:$AC$11,5,0) -> 5401.236 | Q38: =+VLOOKUP(K38,$W$4:$Z$11,2,0) -> 18004.12 | R38: =+VLOOKUP(K38,$W$4:$Y$11,3,0) -> 25011.121 | T38: 0 | U38: =+T38 -> 0 | V38: 0 | W38: 0 | X38: 0 | Y38: 0 | Z38: 0 | AA38: 0 | AB38: 0 | AC38: 0 | AD38: 0 | AE38: 0 | AF38: 0 | AG38: 0 | AH38: 0 | AI38: 0 | AJ38: 0 | AK38: 0 | AL38: 0 | AM38: 0 | AN38: 0 | AO38: 0 | AP38: 0 | AQ38: 0 | AR38: 0 | AS38: 0 | AT38: 0 | AU38: =+U38+V38+W38+Y38-Z38-AB38-AC38-AD38-AE38+AF38-AG38+AJ38 -> 0 | AV38: =+Q38*U38 -> 0 | AW38: =+Q38*V38 -> 0 | AX38: =+Q38*W38 -> 0 | AY38: =+Q38*X38 -> 0 | AZ38: =+(Q38*1.0833*Y38)+((P38*O38)/25*Y38) -> 0 | BA38: =-Q38/8*Z38 -> 0 | BB38: =+Q38/8*AA38 -> 0 | BC38: =-Q38*AB38 -> 0 | BD38: =-Q38*AC38 -> 0 | BE38: =-Q38/8*AD38 -> 0 | BF38: =-Q38*AE38 -> 0 | BG38: =+Q38*AF38 -> 0 | BH38: =-Q38*AG38 -> 0 | BI38: =+Q38*AI38 -> 0 | BJ38: =+Q38*AH38 -> 0 | BK38: =+Q38*AJ38 -> 0 | BL38: =+(P38*O38)/25*(U38+V38+W38-Z38-AB38-AC38-AD38-AE38+AF38-AG38) -> 0 | BM38: =+$BM$15/25*(U38+V38+Y38+AF38+AH38+AI38)*0 -> 0 | BP38: =+M38*(AU38+AH38+AI38) -> 0 | BS38: =+$BS$15*AM38 -> 0 | BT38: =+$BT$15*AN38 -> 0 | BU38: =+$BU$15*AO38 -> 0 | BV38: =+$BV$15*AP38 -> 0 | CA38: =+IF(H38>59,+SUM(AV38:BX38)*138.92%,0) -> 0 | CB38: =SUM(AV38:CA38) -> 0 | CE38: =-MIN(CB38,$CC$12)*$CD$15 -> 0 | CF38: =-IF(E38="FOTIA",(CB38-AZ38)*1%,(CB38-AZ38)*1.5%) -> 0 | CI38: =+IF(H38>59,0,(CB38*138.92%)) -> 0 | CJ38: =-MIN(CI38,$CC$12)*$CD$15 -> 0 | CK38: =-IF(E38="FOTIA",(CI38-BE38)*1%,(CI38-BE38)*1.5%) -> 0 | CL38: 0 | CN38: 0 | CZ38: =-SUM(CB38+CC38+CD38+CE38+CF38)*I38 -> 0 | DA38: =-SUM(CB38+CC38+CD38+CE38+CF38+CI38+CJ38+CK38)*J38 -> 0 | DB38: =SUM(CB38:DA38) -> 0 | DC38: =ROUND(DB38,0) -> 0 | DE38: =+DD38-DC38 -> 0
A39: =500000+B39 -> 509857 | B39: 9857 | C39: CAMPO | D39: CASTILLO ROQUE TOMAS | E39: FEIA | F39: 0 | K39: Q04 | O39: 0 | P39: =+VLOOKUP(K39,$W$4:$AC$11,5,0) -> 5700.726 | Q39: =+VLOOKUP(K39,$W$4:$Z$11,2,0) -> 19002.42 | R39: =+VLOOKUP(K39,$W$4:$Y$11,3,0) -> 26397.964 | T39: 0 | U39: =+T39 -> 0 | V39: 0 | W39: 0 | X39: 0 | Y39: 0 | Z39: 0 | AA39: 0 | AB39: 0 | AC39: 0 | AD39: 0 | AE39: 0 | AF39: 0 | AG39: 0 | AH39: 0 | AI39: 0 | AJ39: 0 | AK39: 0 | AL39: 0 | AM39: 0 | AN39: 0 | AO39: 0 | AP39: 0 | AQ39: 0 | AR39: 0 | AS39: 0 | AT39: 0 | AU39: =+U39+V39+W39+Y39-Z39-AB39-AC39-AD39-AE39+AF39-AG39+AJ39 -> 0 | AV39: =+Q39*U39 -> 0 | AW39: =+Q39*V39 -> 0 | AX39: =+Q39*W39 -> 0 | AY39: =+Q39*X39 -> 0 | AZ39: =+(Q39*1.0833*Y39)+((P39*O39)/25*Y39) -> 0 | BA39: =-Q39/8*Z39 -> 0 | BB39: =+Q39/8*AA39 -> 0 | BC39: =-Q39*AB39 -> 0 | BD39: =-Q39*AC39 -> 0 | BE39: =-Q39/8*AD39 -> 0 | BF39: =-Q39*AE39 -> 0 | BG39: =+Q39*AF39 -> 0 | BH39: =-Q39*AG39 -> 0 | BI39: =+Q39*AI39 -> 0 | BJ39: =+Q39*AH39 -> 0 | BK39: =+Q39*AJ39 -> 0 | BL39: =+(P39*O39)/25*(U39+V39+W39-Z39-AB39-AC39-AD39-AE39+AF39-AG39) -> 0 | BM39: =+$BM$15/25*(U39+V39+Y39+AF39+AH39+AI39)*0 -> 0 | BP39: =+M39*(AU39+AH39+AI39) -> 0 | BS39: =+$BS$15*AM39 -> 0 | BT39: =+$BT$15*AN39 -> 0 | BU39: =+$BU$15*AO39 -> 0 | BV39: =+$BV$15*AP39 -> 0 | CA39: =+IF(H39>59,+SUM(AV39:BX39)*138.92%,0) -> 0 | CB39: =SUM(AV39:CA39) -> 0 | CE39: =-MIN(CB39,$CC$12)*$CD$15 -> 0 | CF39: =-IF(E39="FOTIA",(CB39-AZ39)*1%,(CB39-AZ39)*1.5%) -> 0 | CI39: =+IF(H39>59,0,(CB39*138.92%)) -> 0 | CJ39: =-MIN(CI39,$CC$12)*$CD$15 -> 0 | CK39: =-IF(E39="FOTIA",(CI39-BE39)*1%,(CI39-BE39)*1.5%) -> 0 | CL39: 0 | CN39: 0 | CZ39: =-SUM(CB39+CC39+CD39+CE39+CF39)*I39 -> 0 | DA39: =-SUM(CB39+CC39+CD39+CE39+CF39+CI39+CJ39+CK39)*J39 -> 0 | DB39: =SUM(CB39:DA39) -> 0 | DC39: =ROUND(DB39,0) -> 0 | DE39: =+DD39-DC39 -> 0
A40: =500000+B40 -> 509665 | B40: 9665 | C40: CAMPO | D40: CASTRO MIGUEL ALEJANDRO | E40: FEIA | F40: 3 | K40: Q04 | O40: 7 | P40: =+VLOOKUP(K40,$W$4:$AC$11,5,0) -> 5700.726 | Q40: =+VLOOKUP(K40,$W$4:$Z$11,2,0) -> 19002.42 | R40: =+VLOOKUP(K40,$W$4:$Y$11,3,0) -> 26397.964 | T40: 0 | U40: =+T40 -> 0 | V40: 0 | W40: 0 | X40: 0 | Y40: 0 | Z40: 0 | AA40: 0 | AB40: 0 | AC40: 0 | AD40: 0 | AE40: 0 | AF40: 0 | AG40: 0 | AH40: 0 | AI40: 0 | AJ40: 0 | AK40: 0 | AL40: 0 | AM40: 0 | AN40: 0 | AO40: 0 | AP40: 0 | AQ40: 0 | AR40: 0 | AS40: 0 | AT40: 0 | AU40: =+U40+V40+W40+Y40-Z40-AB40-AC40-AD40-AE40+AF40-AG40+AJ40 -> 0 | AV40: =+Q40*U40 -> 0 | AW40: =+Q40*V40 -> 0 | AX40: =+Q40*W40 -> 0 | AY40: =+Q40*X40 -> 0 | AZ40: =+(Q40*1.0833*Y40)+((P40*O40)/25*Y40) -> 0 | BA40: =-Q40/8*Z40 -> 0 | BB40: =+Q40/8*AA40 -> 0 | BC40: =-Q40*AB40 -> 0 | BD40: =-Q40*AC40 -> 0 | BE40: =-Q40/8*AD40 -> 0 | BF40: =-Q40*AE40 -> 0 | BG40: =+Q40*AF40 -> 0 | BH40: =-Q40*AG40 -> 0 | BI40: =+Q40*AI40 -> 0 | BJ40: =+Q40*AH40 -> 0 | BK40: =+Q40*AJ40 -> 0 | BL40: =+(P40*O40)/25*(U40+V40+W40-Z40-AB40-AC40-AD40-AE40+AF40-AG40) -> 0 | BM40: =+$BM$15/25*(U40+V40+Y40+AF40+AH40+AI40)*0 -> 0 | BP40: =+M40*(AU40+AH40+AI40) -> 0 | BS40: =+$BS$15*AM40 -> 0 | BT40: =+$BT$15*AN40 -> 0 | BU40: =+$BU$15*AO40 -> 0 | BV40: =+$BV$15*AP40 -> 0 | CA40: =+IF(H40>59,+SUM(AV40:BX40)*138.92%,0) -> 0 | CB40: =SUM(AV40:CA40) -> 0 | CE40: =-MIN(CB40,$CC$12)*$CD$15 -> 0 | CF40: =-IF(E40="FOTIA",(CB40-AZ40)*1%,(CB40-AZ40)*1.5%) -> 0 | CI40: =+IF(H40>59,0,(CB40*138.92%)) -> 0 | CJ40: =-MIN(CI40,$CC$12)*$CD$15 -> 0 | CK40: =-IF(E40="FOTIA",(CI40-BE40)*1%,(CI40-BE40)*1.5%) -> 0 | CL40: 0 | CN40: 0 | CZ40: =-SUM(CB40+CC40+CD40+CE40+CF40)*I40 -> 0 | DA40: =-SUM(CB40+CC40+CD40+CE40+CF40+CI40+CJ40+CK40)*J40 -> 0 | DB40: =SUM(CB40:DA40) -> 0 | DC40: =ROUND(DB40,0) -> 0 | DE40: =+DD40-DC40 -> 0
A41: =500000+B41 -> 509649 | B41: 9649 | C41: CAMPO | D41: CISNEROS RAMON EXEQUIEL | E41: FOTIA | F41: 3 | K41: Q04 | O41: 8 | P41: =+VLOOKUP(K41,$W$4:$AC$11,5,0) -> 5700.726 | Q41: =+VLOOKUP(K41,$W$4:$Z$11,2,0) -> 19002.42 | R41: =+VLOOKUP(K41,$W$4:$Y$11,3,0) -> 26397.964 | T41: 0 | U41: =+T41 -> 0 | V41: 0 | W41: 0 | X41: 0 | Y41: 0 | Z41: 0 | AA41: 0 | AB41: 0 | AC41: 0 | AD41: 0 | AE41: 0 | AF41: 0 | AG41: 0 | AH41: 0 | AI41: 0 | AJ41: 0 | AK41: 0 | AL41: 0 | AM41: 0 | AN41: 0 | AO41: 0 | AP41: 0 | AQ41: 0 | AR41: 0 | AS41: 0 | AT41: 0 | AU41: =+U41+V41+W41+Y41-Z41-AB41-AC41-AD41-AE41+AF41-AG41+AJ41 -> 0 | AV41: =+Q41*U41 -> 0 | AW41: =+Q41*V41 -> 0 | AX41: =+Q41*W41 -> 0 | AY41: =+Q41*X41 -> 0 | AZ41: =+(Q41*1.0833*Y41)+((P41*O41)/25*Y41) -> 0 | BA41: =-Q41/8*Z41 -> 0 | BB41: =+Q41/8*AA41 -> 0 | BC41: =-Q41*AB41 -> 0 | BD41: =-Q41*AC41 -> 0 | BE41: =-Q41/8*AD41 -> 0 | BF41: =-Q41*AE41 -> 0 | BG41: =+Q41*AF41 -> 0 | BH41: =-Q41*AG41 -> 0 | BI41: =+Q41*AI41 -> 0 | BJ41: =+Q41*AH41 -> 0 | BK41: =+Q41*AJ41 -> 0 | BL41: =+(P41*O41)/25*(U41+V41+W41-Z41-AB41-AC41-AD41-AE41+AF41-AG41) -> 0 | BM41: =+$BM$15/25*(U41+V41+Y41+AF41+AH41+AI41)*0 -> 0 | BP41: =+M41*(AU41+AH41+AI41) -> 0 | BS41: =+$BS$15*AM41 -> 0 | BT41: =+$BT$15*AN41 -> 0 | BU41: =+$BU$15*AO41 -> 0 | BV41: =+$BV$15*AP41 -> 0 | CA41: =+IF(H41>59,+SUM(AV41:BX41)*138.92%,0) -> 0 | CB41: =SUM(AV41:CA41) -> 0 | CE41: =-MIN(CB41,$CC$12)*$CD$15 -> 0 | CF41: =-IF(E41="FOTIA",(CB41-AZ41)*1%,(CB41-AZ41)*1.5%) -> 0 | CI41: =+IF(H41>59,0,(CB41*138.92%)) -> 0 | CJ41: =-MIN(CI41,$CC$12)*$CD$15 -> 0 | CK41: =-IF(E41="FOTIA",(CI41-BE41)*1%,(CI41-BE41)*1.5%) -> 0 | CL41: 0 | CN41: 0 | CZ41: =-SUM(CB41+CC41+CD41+CE41+CF41)*I41 -> 0 | DA41: =-SUM(CB41+CC41+CD41+CE41+CF41+CI41+CJ41+CK41)*J41 -> 0 | DB41: =SUM(CB41:DA41) -> 0 | DC41: =ROUND(DB41,0) -> 0 | DE41: =+DD41-DC41 -> 0
A42: =500000+B42 -> 509748 | B42: 9748 | C42: CAMPO | D42: COSTILLA CARLOS DAMIAN | E42: FOTIA | F42: 0 | K42: Q04 | O42: 2 | P42: =+VLOOKUP(K42,$W$4:$AC$11,5,0) -> 5700.726 | Q42: =+VLOOKUP(K42,$W$4:$Z$11,2,0) -> 19002.42 | R42: =+VLOOKUP(K42,$W$4:$Y$11,3,0) -> 26397.964 | T42: 11 | U42: =+T42 -> 11 | V42: 0 | W42: 1 | X42: 0 | Y42: 0 | Z42: 0 | AA42: 0 | AB42: 0 | AC42: 0 | AD42: 0 | AE42: 0 | AF42: 0 | AG42: 0 | AH42: 0 | AI42: 0 | AJ42: 0 | AK42: 0 | AL42: 0 | AM42: 0 | AN42: 0 | AO42: 0 | AP42: 0 | AQ42: 0 | AR42: 0 | AS42: 0 | AT42: 0 | AU42: =+U42+V42+W42+Y42-Z42-AB42-AC42-AD42-AE42+AF42-AG42+AJ42 -> 12 | AV42: =+Q42*U42 -> 209026.62 | AW42: =+Q42*V42 -> 0 | AX42: =+Q42*W42 -> 19002.42 | AY42: =+Q42*X42 -> 0 | AZ42: =+(Q42*1.0833*Y42)+((P42*O42)/25*Y42) -> 0 | BA42: =-Q42/8*Z42 -> 0 | BB42: =+Q42/8*AA42 -> 0 | BC42: =-Q42*AB42 -> 0 | BD42: =-Q42*AC42 -> 0 | BE42: =-Q42/8*AD42 -> 0 | BF42: =-Q42*AE42 -> 0 | BG42: =+Q42*AF42 -> 0 | BH42: =-Q42*AG42 -> 0 | BI42: =+Q42*AI42 -> 0 | BJ42: =+Q42*AH42 -> 0 | BK42: =+Q42*AJ42 -> 0 | BL42: =+(P42*O42)/25*(U42+V42+W42-Z42-AB42-AC42-AD42-AE42+AF42-AG42) -> 5472.697 | BM42: =+$BM$15/25*(U42+V42+Y42+AF42+AH42+AI42)*0 -> 0 | BP42: =+M42*(AU42+AH42+AI42) -> 0 | BS42: =+$BS$15*AM42 -> 0 | BT42: =+$BT$15*AN42 -> 0 | BU42: =+$BU$15*AO42 -> 0 | BV42: =+$BV$15*AP42 -> 0 | CA42: =+IF(H42>59,+SUM(AV42:BX42)*138.92%,0) -> 0 | CB42: =SUM(AV42:CA42) -> 233501.74 | CE42: =-MIN(CB42,$CC$12)*$CD$15 -> -7005.0521 | CF42: =-IF(E42="FOTIA",(CB42-AZ42)*1%,(CB42-AZ42)*1.5%) -> -2335.0174 | CI42: =+IF(H42>59,0,(CB42*138.92%)) -> 324380.61 | CJ42: =-MIN(CI42,$CC$12)*$CD$15 -> -9731.4184 | CK42: =-IF(E42="FOTIA",(CI42-BE42)*1%,(CI42-BE42)*1.5%) -> -3243.8061 | CL42: 0 | CN42: 0 | CZ42: =-SUM(CB42+CC42+CD42+CE42+CF42)*I42 -> 0 | DA42: =-SUM(CB42+CC42+CD42+CE42+CF42+CI42+CJ42+CK42)*J42 -> 0 | DB42: =SUM(CB42:DA42) -> 535567.06 | DC42: =ROUND(DB42,0) -> 535567 | DE42: =+DD42-DC42 -> -535567
A43: =500000+B43 -> 509749 | B43: 9749 | C43: CAMPO | D43: COSTILLA DANIEL ANTONIO | E43: FOTIA | F43: 0 | K43: Q04 | O43: 0 | P43: =+VLOOKUP(K43,$W$4:$AC$11,5,0) -> 5700.726 | Q43: =+VLOOKUP(K43,$W$4:$Z$11,2,0) -> 19002.42 | R43: =+VLOOKUP(K43,$W$4:$Y$11,3,0) -> 26397.964 | T43: 11 | U43: =+T43 -> 11 | V43: 0 | W43: 1 | X43: 0 | Y43: 0 | Z43: 0 | AA43: 0 | AB43: 0 | AC43: 0 | AD43: 0 | AE43: 0 | AF43: 0 | AG43: 0 | AH43: 0 | AI43: 0 | AJ43: 0 | AK43: 0 | AL43: 0 | AM43: 0 | AN43: 0 | AO43: 0 | AP43: 0 | AQ43: 0 | AR43: 0 | AS43: 0 | AT43: 0 | AU43: =+U43+V43+W43+Y43-Z43-AB43-AC43-AD43-AE43+AF43-AG43+AJ43 -> 12 | AV43: =+Q43*U43 -> 209026.62 | AW43: =+Q43*V43 -> 0 | AX43: =+Q43*W43 -> 19002.42 | AY43: =+Q43*X43 -> 0 | AZ43: =+(Q43*1.0833*Y43)+((P43*O43)/25*Y43) -> 0 | BA43: =-Q43/8*Z43 -> 0 | BB43: =+Q43/8*AA43 -> 0 | BC43: =-Q43*AB43 -> 0 | BD43: =-Q43*AC43 -> 0 | BE43: =-Q43/8*AD43 -> 0 | BF43: =-Q43*AE43 -> 0 | BG43: =+Q43*AF43 -> 0 | BH43: =-Q43*AG43 -> 0 | BI43: =+Q43*AI43 -> 0 | BJ43: =+Q43*AH43 -> 0 | BK43: =+Q43*AJ43 -> 0 | BL43: =+(P43*O43)/25*(U43+V43+W43-Z43-AB43-AC43-AD43-AE43+AF43-AG43) -> 0 | BM43: =+$BM$15/25*(U43+V43+Y43+AF43+AH43+AI43)*0 -> 0 | BP43: =+M43*(AU43+AH43+AI43) -> 0 | BS43: =+$BS$15*AM43 -> 0 | BT43: =+$BT$15*AN43 -> 0 | BU43: =+$BU$15*AO43 -> 0 | BV43: =+$BV$15*AP43 -> 0 | CA43: =+IF(H43>59,+SUM(AV43:BX43)*138.92%,0) -> 0 | CB43: =SUM(AV43:CA43) -> 228029.04 | CE43: =-MIN(CB43,$CC$12)*$CD$15 -> -6840.8712 | CF43: =-IF(E43="FOTIA",(CB43-AZ43)*1%,(CB43-AZ43)*1.5%) -> -2280.2904 | CI43: =+IF(H43>59,0,(CB43*138.92%)) -> 316777.94 | CJ43: =-MIN(CI43,$CC$12)*$CD$15 -> -9503.3383 | CK43: =-IF(E43="FOTIA",(CI43-BE43)*1%,(CI43-BE43)*1.5%) -> -3167.7794 | CL43: 0 | CN43: 0 | CZ43: =-SUM(CB43+CC43+CD43+CE43+CF43)*I43 -> 0 | DA43: =-SUM(CB43+CC43+CD43+CE43+CF43+CI43+CJ43+CK43)*J43 -> 0 | DB43: =SUM(CB43:DA43) -> 523014.7 | DC43: =ROUND(DB43,0) -> 523015 | DE43: =+DD43-DC43 -> -523015
A44: =500000+B44 -> 509669 | B44: 9669 | C44: CAMPO | D44: DIAZ ENRIQUE ANTONIO | E44: FEIA | F44: 0 | K44: Q04 | O44: 15 | P44: =+VLOOKUP(K44,$W$4:$AC$11,5,0) -> 5700.726 | Q44: =+VLOOKUP(K44,$W$4:$Z$11,2,0) -> 19002.42 | R44: =+VLOOKUP(K44,$W$4:$Y$11,3,0) -> 26397.964 | T44: 0 | U44: =+T44 -> 0 | V44: 0 | W44: 0 | X44: 0 | Y44: 0 | Z44: 0 | AA44: 0 | AB44: 0 | AC44: 0 | AD44: 0 | AE44: 0 | AF44: 0 | AG44: 0 | AH44: 0 | AI44: 0 | AJ44: 0 | AK44: 0 | AL44: 0 | AM44: 0 | AN44: 0 | AO44: 0 | AP44: 0 | AQ44: 0 | AR44: 0 | AS44: 0 | AT44: 0 | AU44: =+U44+V44+W44+Y44-Z44-AB44-AC44-AD44-AE44+AF44-AG44+AJ44 -> 0 | AV44: =+Q44*U44 -> 0 | AW44: =+Q44*V44 -> 0 | AX44: =+Q44*W44 -> 0 | AY44: =+Q44*X44 -> 0 | AZ44: =+(Q44*1.0833*Y44)+((P44*O44)/25*Y44) -> 0 | BA44: =-Q44/8*Z44 -> 0 | BB44: =+Q44/8*AA44 -> 0 | BC44: =-Q44*AB44 -> 0 | BD44: =-Q44*AC44 -> 0 | BE44: =-Q44/8*AD44 -> 0 | BF44: =-Q44*AE44 -> 0 | BG44: =+Q44*AF44 -> 0 | BH44: =-Q44*AG44 -> 0 | BI44: =+Q44*AI44 -> 0 | BJ44: =+Q44*AH44 -> 0 | BK44: =+Q44*AJ44 -> 0 | BL44: =+(P44*O44)/25*(U44+V44+W44-Z44-AB44-AC44-AD44-AE44+AF44-AG44) -> 0 | BM44: =+$BM$15/25*(U44+V44+Y44+AF44+AH44+AI44)*0 -> 0 | BP44: =+M44*(AU44+AH44+AI44) -> 0 | BS44: =+$BS$15*AM44 -> 0 | BT44: =+$BT$15*AN44 -> 0 | BU44: =+$BU$15*AO44 -> 0 | BV44: =+$BV$15*AP44 -> 0 | CA44: =+IF(H44>59,+SUM(AV44:BX44)*138.92%,0) -> 0 | CB44: =SUM(AV44:CA44) -> 0 | CE44: =-MIN(CB44,$CC$12)*$CD$15 -> 0 | CF44: =-IF(E44="FOTIA",(CB44-AZ44)*1%,(CB44-AZ44)*1.5%) -> 0 | CI44: =+IF(H44>59,0,(CB44*138.92%)) -> 0 | CJ44: =-MIN(CI44,$CC$12)*$CD$15 -> 0 | CK44: =-IF(E44="FOTIA",(CI44-BE44)*1%,(CI44-BE44)*1.5%) -> 0 | CL44: 0 | CN44: 0 | CZ44: =-SUM(CB44+CC44+CD44+CE44+CF44)*I44 -> 0 | DA44: =-SUM(CB44+CC44+CD44+CE44+CF44+CI44+CJ44+CK44)*J44 -> 0 | DB44: =SUM(CB44:DA44) -> 0 | DC44: =ROUND(DB44,0) -> 0 | DE44: =+DD44-DC44 -> 0
A45: =500000+B45 -> 509861 | B45: 9861 | C45: CAMPO | D45: DIAZ JAVIER DANIEL | E45: FEIA | F45: 0 | K45: Q04 | O45: 0 | P45: =+VLOOKUP(K45,$W$4:$AC$11,5,0) -> 5700.726 | Q45: =+VLOOKUP(K45,$W$4:$Z$11,2,0) -> 19002.42 | R45: =+VLOOKUP(K45,$W$4:$Y$11,3,0) -> 26397.964 | T45: 0 | U45: =+T45 -> 0 | V45: 0 | W45: 0 | X45: 0 | Y45: 0 | Z45: 0 | AA45: 0 | AB45: 0 | AC45: 0 | AD45: 0 | AE45: 0 | AF45: 0 | AG45: 0 | AH45: 0 | AI45: 0 | AJ45: 0 | AK45: 0 | AL45: 0 | AM45: 0 | AN45: 0 | AO45: 0 | AP45: 0 | AQ45: 0 | AR45: 0 | AS45: 0 | AT45: 0 | AU45: =+U45+V45+W45+Y45-Z45-AB45-AC45-AD45-AE45+AF45-AG45+AJ45 -> 0 | AV45: =+Q45*U45 -> 0 | AW45: =+Q45*V45 -> 0 | AX45: =+Q45*W45 -> 0 | AY45: =+Q45*X45 -> 0 | AZ45: =+(Q45*1.0833*Y45)+((P45*O45)/25*Y45) -> 0 | BA45: =-Q45/8*Z45 -> 0 | BB45: =+Q45/8*AA45 -> 0 | BC45: =-Q45*AB45 -> 0 | BD45: =-Q45*AC45 -> 0 | BE45: =-Q45/8*AD45 -> 0 | BF45: =-Q45*AE45 -> 0 | BG45: =+Q45*AF45 -> 0 | BH45: =-Q45*AG45 -> 0 | BI45: =+Q45*AI45 -> 0 | BJ45: =+Q45*AH45 -> 0 | BK45: =+Q45*AJ45 -> 0 | BL45: =+(P45*O45)/25*(U45+V45+W45-Z45-AB45-AC45-AD45-AE45+AF45-AG45) -> 0 | BM45: =+$BM$15/25*(U45+V45+Y45+AF45+AH45+AI45)*0 -> 0 | BP45: =+M45*(AU45+AH45+AI45) -> 0 | BS45: =+$BS$15*AM45 -> 0 | BT45: =+$BT$15*AN45 -> 0 | BU45: =+$BU$15*AO45 -> 0 | BV45: =+$BV$15*AP45 -> 0 | CA45: =+IF(H45>59,+SUM(AV45:BX45)*138.92%,0) -> 0 | CB45: =SUM(AV45:CA45) -> 0 | CE45: =-MIN(CB45,$CC$12)*$CD$15 -> 0 | CF45: =-IF(E45="FOTIA",(CB45-AZ45)*1%,(CB45-AZ45)*1.5%) -> 0 | CI45: =+IF(H45>59,0,(CB45*138.92%)) -> 0 | CJ45: =-MIN(CI45,$CC$12)*$CD$15 -> 0 | CK45: =-IF(E45="FOTIA",(CI45-BE45)*1%,(CI45-BE45)*1.5%) -> 0 | CL45: 0 | CN45: 0 | CZ45: =-SUM(CB45+CC45+CD45+CE45+CF45)*I45 -> 0 | DA45: =-SUM(CB45+CC45+CD45+CE45+CF45+CI45+CJ45+CK45)*J45 -> 0 | DB45: =SUM(CB45:DA45) -> 0 | DC45: =ROUND(DB45,0) -> 0 | DE45: =+DD45-DC45 -> 0
A46: =500000+B46 -> 509670 | B46: 9670 | C46: CAMPO | D46: DIAZ WALTER ENRIQUE | E46: FEIA | F46: 3 | K46: Q04 | O46: 8 | P46: =+VLOOKUP(K46,$W$4:$AC$11,5,0) -> 5700.726 | Q46: =+VLOOKUP(K46,$W$4:$Z$11,2,0) -> 19002.42 | R46: =+VLOOKUP(K46,$W$4:$Y$11,3,0) -> 26397.964 | T46: 0 | U46: =+T46 -> 0 | V46: 0 | W46: 0 | X46: 0 | Y46: 0 | Z46: 0 | AA46: 0 | AB46: 0 | AC46: 0 | AD46: 0 | AE46: 0 | AF46: 0 | AG46: 0 | AH46: 0 | AI46: 0 | AJ46: 0 | AK46: 0 | AL46: 0 | AM46: 0 | AN46: 0 | AO46: 0 | AP46: 0 | AQ46: 0 | AR46: 0 | AS46: 0 | AT46: 0 | AU46: =+U46+V46+W46+Y46-Z46-AB46-AC46-AD46-AE46+AF46-AG46+AJ46 -> 0 | AV46: =+Q46*U46 -> 0 | AW46: =+Q46*V46 -> 0 | AX46: =+Q46*W46 -> 0 | AY46: =+Q46*X46 -> 0 | AZ46: =+(Q46*1.0833*Y46)+((P46*O46)/25*Y46) -> 0 | BA46: =-Q46/8*Z46 -> 0 | BB46: =+Q46/8*AA46 -> 0 | BC46: =-Q46*AB46 -> 0 | BD46: =-Q46*AC46 -> 0 | BE46: =-Q46/8*AD46 -> 0 | BF46: =-Q46*AE46 -> 0 | BG46: =+Q46*AF46 -> 0 | BH46: =-Q46*AG46 -> 0 | BI46: =+Q46*AI46 -> 0 | BJ46: =+Q46*AH46 -> 0 | BK46: =+Q46*AJ46 -> 0 | BL46: =+(P46*O46)/25*(U46+V46+W46-Z46-AB46-AC46-AD46-AE46+AF46-AG46) -> 0 | BM46: =+$BM$15/25*(U46+V46+Y46+AF46+AH46+AI46)*0 -> 0 | BP46: =+M46*(AU46+AH46+AI46) -> 0 | BS46: =+$BS$15*AM46 -> 0 | BT46: =+$BT$15*AN46 -> 0 | BU46: =+$BU$15*AO46 -> 0 | BV46: =+$BV$15*AP46 -> 0 | CA46: =+IF(H46>59,+SUM(AV46:BX46)*138.92%,0) -> 0 | CB46: =SUM(AV46:CA46) -> 0 | CE46: =-MIN(CB46,$CC$12)*$CD$15 -> 0 | CF46: =-IF(E46="FOTIA",(CB46-AZ46)*1%,(CB46-AZ46)*1.5%) -> 0 | CI46: =+IF(H46>59,0,(CB46*138.92%)) -> 0 | CJ46: =-MIN(CI46,$CC$12)*$CD$15 -> 0 | CK46: =-IF(E46="FOTIA",(CI46-BE46)*1%,(CI46-BE46)*1.5%) -> 0 | CL46: 0 | CN46: 0 | CZ46: =-SUM(CB46+CC46+CD46+CE46+CF46)*I46 -> 0 | DA46: =-SUM(CB46+CC46+CD46+CE46+CF46+CI46+CJ46+CK46)*J46 -> 0 | DB46: =SUM(CB46:DA46) -> 0 | DC46: =ROUND(DB46,0) -> 0 | DE46: =+DD46-DC46 -> 0
A47: =500000+B47 -> 509671 | B47: 9671 | C47: CAMPO | D47: DONAIRE JOSE ENRIQUE | E47: FEIA | F47: 3 | K47: Q02 | O47: 19 | P47: =+VLOOKUP(K47,$W$4:$AC$11,5,0) -> 5401.236 | Q47: =+VLOOKUP(K47,$W$4:$Z$11,2,0) -> 18004.12 | R47: =+VLOOKUP(K47,$W$4:$Y$11,3,0) -> 25011.121 | T47: 0 | U47: =+T47 -> 0 | V47: 0 | W47: 0 | X47: 0 | Y47: 0 | Z47: 0 | AA47: 0 | AB47: 0 | AC47: 0 | AD47: 0 | AE47: 0 | AF47: 0 | AG47: 0 | AH47: 0 | AI47: 0 | AJ47: 0 | AK47: 0 | AL47: 0 | AM47: 0 | AN47: 0 | AO47: 0 | AP47: 0 | AQ47: 0 | AR47: 0 | AS47: 0 | AT47: 0 | AU47: =+U47+V47+W47+Y47-Z47-AB47-AC47-AD47-AE47+AF47-AG47+AJ47 -> 0 | AV47: =+Q47*U47 -> 0 | AW47: =+Q47*V47 -> 0 | AX47: =+Q47*W47 -> 0 | AY47: =+Q47*X47 -> 0 | AZ47: =+(Q47*1.0833*Y47)+((P47*O47)/25*Y47) -> 0 | BA47: =-Q47/8*Z47 -> 0 | BB47: =+Q47/8*AA47 -> 0 | BC47: =-Q47*AB47 -> 0 | BD47: =-Q47*AC47 -> 0 | BE47: =-Q47/8*AD47 -> 0 | BF47: =-Q47*AE47 -> 0 | BG47: =+Q47*AF47 -> 0 | BH47: =-Q47*AG47 -> 0 | BI47: =+Q47*AI47 -> 0 | BJ47: =+Q47*AH47 -> 0 | BK47: =+Q47*AJ47 -> 0 | BL47: =+(P47*O47)/25*(U47+V47+W47-Z47-AB47-AC47-AD47-AE47+AF47-AG47) -> 0 | BM47: =+$BM$15/25*(U47+V47+Y47+AF47+AH47+AI47)*0 -> 0 | BP47: =+M47*(AU47+AH47+AI47) -> 0 | BS47: =+$BS$15*AM47 -> 0 | BT47: =+$BT$15*AN47 -> 0 | BU47: =+$BU$15*AO47 -> 0 | BV47: =+$BV$15*AP47 -> 0 | CA47: =+IF(H47>59,+SUM(AV47:BX47)*138.92%,0) -> 0 | CB47: =SUM(AV47:CA47) -> 0 | CE47: =-MIN(CB47,$CC$12)*$CD$15 -> 0 | CF47: =-IF(E47="FOTIA",(CB47-AZ47)*1%,(CB47-AZ47)*1.5%) -> 0 | CI47: =+IF(H47>59,0,(CB47*138.92%)) -> 0 | CJ47: =-MIN(CI47,$CC$12)*$CD$15 -> 0 | CK47: =-IF(E47="FOTIA",(CI47-BE47)*1%,(CI47-BE47)*1.5%) -> 0 | CL47: 0 | CN47: 0 | CZ47: =-SUM(CB47+CC47+CD47+CE47+CF47)*I47 -> 0 | DA47: =-SUM(CB47+CC47+CD47+CE47+CF47+CI47+CJ47+CK47)*J47 -> 0 | DB47: =SUM(CB47:DA47) -> 0 | DC47: =ROUND(DB47,0) -> 0 | DE47: =+DD47-DC47 -> 0
A48: =500000+B48 -> 509750 | B48: 9750 | C48: CAMPO | D48: ESCOBAR JUAN EDUARDO | E48: FOTIA | F48: 0 | K48: Q04 | O48: 3 | P48: =+VLOOKUP(K48,$W$4:$AC$11,5,0) -> 5700.726 | Q48: =+VLOOKUP(K48,$W$4:$Z$11,2,0) -> 19002.42 | R48: =+VLOOKUP(K48,$W$4:$Y$11,3,0) -> 26397.964 | T48: 12 | U48: =+T48 -> 12 | V48: 0 | W48: 1 | X48: 0 | Y48: 0 | Z48: 0 | AA48: 0 | AB48: 0 | AC48: 0 | AD48: 0 | AE48: 0 | AF48: 0 | AG48: 0 | AH48: 0 | AI48: 0 | AJ48: 0 | AK48: 0 | AL48: 0 | AM48: 0 | AN48: 0 | AO48: 0 | AP48: 0 | AQ48: 0 | AR48: 0 | AS48: 0 | AT48: 0 | AU48: =+U48+V48+W48+Y48-Z48-AB48-AC48-AD48-AE48+AF48-AG48+AJ48 -> 13 | AV48: =+Q48*U48 -> 228029.04 | AW48: =+Q48*V48 -> 0 | AX48: =+Q48*W48 -> 19002.42 | AY48: =+Q48*X48 -> 0 | AZ48: =+(Q48*1.0833*Y48)+((P48*O48)/25*Y48) -> 0 | BA48: =-Q48/8*Z48 -> 0 | BB48: =+Q48/8*AA48 -> 0 | BC48: =-Q48*AB48 -> 0 | BD48: =-Q48*AC48 -> 0 | BE48: =-Q48/8*AD48 -> 0 | BF48: =-Q48*AE48 -> 0 | BG48: =+Q48*AF48 -> 0 | BH48: =-Q48*AG48 -> 0 | BI48: =+Q48*AI48 -> 0 | BJ48: =+Q48*AH48 -> 0 | BK48: =+Q48*AJ48 -> 0 | BL48: =+(P48*O48)/25*(U48+V48+W48-Z48-AB48-AC48-AD48-AE48+AF48-AG48) -> 8893.1326 | BM48: =+$BM$15/25*(U48+V48+Y48+AF48+AH48+AI48)*0 -> 0 | BP48: =+M48*(AU48+AH48+AI48) -> 0 | BS48: =+$BS$15*AM48 -> 0 | BT48: =+$BT$15*AN48 -> 0 | BU48: =+$BU$15*AO48 -> 0 | BV48: =+$BV$15*AP48 -> 0 | CA48: =+IF(H48>59,+SUM(AV48:BX48)*138.92%,0) -> 0 | CB48: =SUM(AV48:CA48) -> 255924.59 | CE48: =-MIN(CB48,$CC$12)*$CD$15 -> -7677.7378 | CF48: =-IF(E48="FOTIA",(CB48-AZ48)*1%,(CB48-AZ48)*1.5%) -> -2559.2459 | CI48: =+IF(H48>59,0,(CB48*138.92%)) -> 355530.44 | CJ48: =-MIN(CI48,$CC$12)*$CD$15 -> -10665.913 | CK48: =-IF(E48="FOTIA",(CI48-BE48)*1%,(CI48-BE48)*1.5%) -> -3555.3044 | CL48: 0 | CN48: 0 | CZ48: =-SUM(CB48+CC48+CD48+CE48+CF48)*I48 -> 0 | DA48: =-SUM(CB48+CC48+CD48+CE48+CF48+CI48+CJ48+CK48)*J48 -> 0 | DB48: =SUM(CB48:DA48) -> 586996.84 | DC48: =ROUND(DB48,0) -> 586997 | DE48: =+DD48-DC48 -> -586997
A49: =500000+B49 -> 509829 | B49: 9829 | C49: CAMPO | D49: FERRATO MIGUEL ALBERTO | E49: FOTIA | F49: 0 | K49: Q02 | O49: 0 | P49: =+VLOOKUP(K49,$W$4:$AC$11,5,0) -> 5401.236 | Q49: =+VLOOKUP(K49,$W$4:$Z$11,2,0) -> 18004.12 | R49: =+VLOOKUP(K49,$W$4:$Y$11,3,0) -> 25011.121 | T49: 2 | U49: =+T49 -> 2 | V49: 0 | W49: 0 | X49: 0 | Y49: 0 | Z49: 0 | AA49: 0 | AB49: 0 | AC49: 0 | AD49: 0 | AE49: 0 | AF49: 0 | AG49: 0 | AH49: 0 | AI49: 0 | AJ49: 0 | AK49: 0 | AL49: 0 | AM49: 0 | AN49: 0 | AO49: 0 | AP49: 0 | AQ49: 0 | AR49: 0 | AS49: 0 | AT49: 0 | AU49: =+U49+V49+W49+Y49-Z49-AB49-AC49-AD49-AE49+AF49-AG49+AJ49 -> 2 | AV49: =+Q49*U49 -> 36008.24 | AW49: =+Q49*V49 -> 0 | AX49: =+Q49*W49 -> 0 | AY49: =+Q49*X49 -> 0 | AZ49: =+(Q49*1.0833*Y49)+((P49*O49)/25*Y49) -> 0 | BA49: =-Q49/8*Z49 -> 0 | BB49: =+Q49/8*AA49 -> 0 | BC49: =-Q49*AB49 -> 0 | BD49: =-Q49*AC49 -> 0 | BE49: =-Q49/8*AD49 -> 0 | BF49: =-Q49*AE49 -> 0 | BG49: =+Q49*AF49 -> 0 | BH49: =-Q49*AG49 -> 0 | BI49: =+Q49*AI49 -> 0 | BJ49: =+Q49*AH49 -> 0 | BK49: =+Q49*AJ49 -> 0 | BL49: =+(P49*O49)/25*(U49+V49+W49-Z49-AB49-AC49-AD49-AE49+AF49-AG49) -> 0 | BM49: =+$BM$15/25*(U49+V49+Y49+AF49+AH49+AI49)*0 -> 0 | BP49: =+M49*(AU49+AH49+AI49) -> 0 | BS49: =+$BS$15*AM49 -> 0 | BT49: =+$BT$15*AN49 -> 0 | BU49: =+$BU$15*AO49 -> 0 | BV49: =+$BV$15*AP49 -> 0 | CA49: =+IF(H49>59,+SUM(AV49:BX49)*138.92%,0) -> 0 | CB49: =SUM(AV49:CA49) -> 36008.24 | CE49: =-MIN(CB49,$CC$12)*$CD$15 -> -1080.2472 | CF49: =-IF(E49="FOTIA",(CB49-AZ49)*1%,(CB49-AZ49)*1.5%) -> -360.0824 | CI49: =+IF(H49>59,0,(CB49*138.92%)) -> 50022.647 | CJ49: =-MIN(CI49,$CC$12)*$CD$15 -> -1500.6794 | CK49: =-IF(E49="FOTIA",(CI49-BE49)*1%,(CI49-BE49)*1.5%) -> -500.22647 | CL49: 0 | CN49: 0 | CZ49: =-SUM(CB49+CC49+CD49+CE49+CF49)*I49 -> 0 | DA49: =-SUM(CB49+CC49+CD49+CE49+CF49+CI49+CJ49+CK49)*J49 -> 0 | DB49: =SUM(CB49:DA49) -> 82589.652 | DC49: =ROUND(DB49,0) -> 82590 | DE49: =+DD49-DC49 -> -82590
A50: =500000+B50 -> 509648 | B50: 9648 | C50: CAMPO | D50: GALVAN ANTONIO ROBERTO | E50: FEIA | F50: 3 | J50: 0.15 | K50: Q04 | O50: 7 | P50: =+VLOOKUP(K50,$W$4:$AC$11,5,0) -> 5700.726 | Q50: =+VLOOKUP(K50,$W$4:$Z$11,2,0) -> 19002.42 | R50: =+VLOOKUP(K50,$W$4:$Y$11,3,0) -> 26397.964 | T50: 4 | U50: =+T50 -> 4 | V50: 0 | W50: 0 | X50: 0 | Y50: 0 | Z50: 0 | AA50: 0 | AB50: 0 | AC50: 0 | AD50: 0 | AE50: 0 | AF50: 0 | AG50: 0 | AH50: 0 | AI50: 0 | AJ50: 0 | AK50: 0 | AL50: 0 | AM50: 0 | AN50: 0 | AO50: 0 | AP50: 0 | AQ50: 0 | AR50: 0 | AS50: 0 | AT50: 0 | AU50: =+U50+V50+W50+Y50-Z50-AB50-AC50-AD50-AE50+AF50-AG50+AJ50 -> 4 | AV50: =+Q50*U50 -> 76009.68 | AW50: =+Q50*V50 -> 0 | AX50: =+Q50*W50 -> 0 | AY50: =+Q50*X50 -> 0 | AZ50: =+(Q50*1.0833*Y50)+((P50*O50)/25*Y50) -> 0 | BA50: =-Q50/8*Z50 -> 0 | BB50: =+Q50/8*AA50 -> 0 | BC50: =-Q50*AB50 -> 0 | BD50: =-Q50*AC50 -> 0 | BE50: =-Q50/8*AD50 -> 0 | BF50: =-Q50*AE50 -> 0 | BG50: =+Q50*AF50 -> 0 | BH50: =-Q50*AG50 -> 0 | BI50: =+Q50*AI50 -> 0 | BJ50: =+Q50*AH50 -> 0 | BK50: =+Q50*AJ50 -> 0 | BL50: =+(P50*O50)/25*(U50+V50+W50-Z50-AB50-AC50-AD50-AE50+AF50-AG50) -> 6384.8131 | BM50: =+$BM$15/25*(U50+V50+Y50+AF50+AH50+AI50)*0 -> 0 | BP50: =+M50*(AU50+AH50+AI50) -> 0 | BS50: =+$BS$15*AM50 -> 0 | BT50: =+$BT$15*AN50 -> 0 | BU50: =+$BU$15*AO50 -> 0 | BV50: =+$BV$15*AP50 -> 0 | CA50: =+IF(H50>59,+SUM(AV50:BX50)*138.92%,0) -> 0 | CB50: =SUM(AV50:CA50) -> 82394.493 | CE50: =-MIN(CB50,$CC$12)*$CD$15 -> -2471.8348 | CF50: =-IF(E50="FOTIA",(CB50-AZ50)*1%,(CB50-AZ50)*1.5%) -> -1235.9174 | CI50: =+IF(H50>59,0,(CB50*138.92%)) -> 114462.43 | CJ50: =-MIN(CI50,$CC$12)*$CD$15 -> -3433.8729 | CK50: =-IF(E50="FOTIA",(CI50-BE50)*1%,(CI50-BE50)*1.5%) -> -1716.9364 | CL50: 0 | CN50: 0 | CZ50: =-SUM(CB50+CC50+CD50+CE50+CF50)*I50 -> 0 | DA50: =-SUM(CB50+CC50+CD50+CE50+CF50+CI50+CJ50+CK50)*J50 -> -28199.754 | DB50: =SUM(CB50:DA50) -> 159798.61 | DC50: =ROUND(DB50,0) -> 159799 | DE50: =+DD50-DC50 -> -159799
A51: =500000+B51 -> 509676 | B51: 9676 | C51: CAMPO | D51: GALVAN JUSTO JOSE | E51: FEIA | F51: 3 | K51: Q02 | O51: 7 | P51: =+VLOOKUP(K51,$W$4:$AC$11,5,0) -> 5401.236 | Q51: =+VLOOKUP(K51,$W$4:$Z$11,2,0) -> 18004.12 | R51: =+VLOOKUP(K51,$W$4:$Y$11,3,0) -> 25011.121 | T51: 0 | U51: =+T51 -> 0 | V51: 0 | W51: 0 | X51: 0 | Y51: 0 | Z51: 0 | AA51: 0 | AB51: 0 | AC51: 0 | AD51: 0 | AE51: 0 | AF51: 0 | AG51: 0 | AH51: 0 | AI51: 0 | AJ51: 0 | AK51: 0 | AL51: 0 | AM51: 0 | AN51: 0 | AO51: 0 | AP51: 0 | AQ51: 0 | AR51: 0 | AS51: 0 | AT51: 0 | AU51: =+U51+V51+W51+Y51-Z51-AB51-AC51-AD51-AE51+AF51-AG51+AJ51 -> 0 | AV51: =+Q51*U51 -> 0 | AW51: =+Q51*V51 -> 0 | AX51: =+Q51*W51 -> 0 | AY51: =+Q51*X51 -> 0 | AZ51: =+(Q51*1.0833*Y51)+((P51*O51)/25*Y51) -> 0 | BA51: =-Q51/8*Z51 -> 0 | BB51: =+Q51/8*AA51 -> 0 | BC51: =-Q51*AB51 -> 0 | BD51: =-Q51*AC51 -> 0 | BE51: =-Q51/8*AD51 -> 0 | BF51: =-Q51*AE51 -> 0 | BG51: =+Q51*AF51 -> 0 | BH51: =-Q51*AG51 -> 0 | BI51: =+Q51*AI51 -> 0 | BJ51: =+Q51*AH51 -> 0 | BK51: =+Q51*AJ51 -> 0 | BL51: =+(P51*O51)/25*(U51+V51+W51-Z51-AB51-AC51-AD51-AE51+AF51-AG51) -> 0 | BM51: =+$BM$15/25*(U51+V51+Y51+AF51+AH51+AI51)*0 -> 0 | BP51: =+M51*(AU51+AH51+AI51) -> 0 | BS51: =+$BS$15*AM51 -> 0 | BT51: =+$BT$15*AN51 -> 0 | BU51: =+$BU$15*AO51 -> 0 | BV51: =+$BV$15*AP51 -> 0 | CA51: =+IF(H51>59,+SUM(AV51:BX51)*138.92%,0) -> 0 | CB51: =SUM(AV51:CA51) -> 0 | CE51: =-MIN(CB51,$CC$12)*$CD$15 -> 0 | CF51: =-IF(E51="FOTIA",(CB51-AZ51)*1%,(CB51-AZ51)*1.5%) -> 0 | CI51: =+IF(H51>59,0,(CB51*138.92%)) -> 0 | CJ51: =-MIN(CI51,$CC$12)*$CD$15 -> 0 | CK51: =-IF(E51="FOTIA",(CI51-BE51)*1%,(CI51-BE51)*1.5%) -> 0 | CL51: 0 | CN51: 0 | CZ51: =-SUM(CB51+CC51+CD51+CE51+CF51)*I51 -> 0 | DA51: =-SUM(CB51+CC51+CD51+CE51+CF51+CI51+CJ51+CK51)*J51 -> 0 | DB51: =SUM(CB51:DA51) -> 0 | DC51: =ROUND(DB51,0) -> 0 | DE51: =+DD51-DC51 -> 0
A52: =500000+B52 -> 509678 | B52: 9678 | C52: CAMPO | D52: GALVAN MIGUEL ANGEL | E52: FOTIA | F52: 3 | H52: 65 | K52: Q02 | O52: 22 | P52: =+VLOOKUP(K52,$W$4:$AC$11,5,0) -> 5401.236 | Q52: =+VLOOKUP(K52,$W$4:$Z$11,2,0) -> 18004.12 | R52: =+VLOOKUP(K52,$W$4:$Y$11,3,0) -> 25011.121 | T52: 0 | U52: =+T52 -> 0 | V52: 0 | W52: 0 | X52: 0 | Y52: 0 | Z52: 0 | AA52: 0 | AB52: 0 | AC52: 0 | AD52: 0 | AE52: 0 | AF52: 0 | AG52: 0 | AH52: 0 | AI52: 0 | AJ52: 0 | AK52: 0 | AL52: 0 | AM52: 0 | AN52: 0 | AO52: 0 | AP52: 0 | AQ52: 0 | AR52: 0 | AS52: 0 | AT52: 0 | AU52: =+U52+V52+W52+Y52-Z52-AB52-AC52-AD52-AE52+AF52-AG52+AJ52 -> 0 | AV52: =+Q52*U52 -> 0 | AW52: =+Q52*V52 -> 0 | AX52: =+Q52*W52 -> 0 | AY52: =+Q52*X52 -> 0 | AZ52: =+(Q52*1.0833*Y52)+((P52*O52)/25*Y52) -> 0 | BA52: =-Q52/8*Z52 -> 0 | BB52: =+Q52/8*AA52 -> 0 | BC52: =-Q52*AB52 -> 0 | BD52: =-Q52*AC52 -> 0 | BE52: =-Q52/8*AD52 -> 0 | BF52: =-Q52*AE52 -> 0 | BG52: =+Q52*AF52 -> 0 | BH52: =-Q52*AG52 -> 0 | BI52: =+Q52*AI52 -> 0 | BJ52: =+Q52*AH52 -> 0 | BK52: =+Q52*AJ52 -> 0 | BL52: =+(P52*O52)/25*(U52+V52+W52-Z52-AB52-AC52-AD52-AE52+AF52-AG52) -> 0 | BM52: =+$BM$15/25*(U52+V52+Y52+AF52+AH52+AI52)*0 -> 0 | BP52: =+M52*(AU52+AH52+AI52) -> 0 | BS52: =+$BS$15*AM52 -> 0 | BT52: =+$BT$15*AN52 -> 0 | BU52: =+$BU$15*AO52 -> 0 | BV52: =+$BV$15*AP52 -> 0 | CA52: =+IF(H52>59,+SUM(AV52:BX52)*138.92%,0) -> 0 | CB52: =SUM(AV52:CA52) -> 0 | CE52: =-MIN(CB52,$CC$12)*$CD$15 -> 0 | CF52: =-IF(E52="FOTIA",(CB52-AZ52)*1%,(CB52-AZ52)*1.5%) -> 0 | CI52: =+IF(H52>59,0,(CB52*138.92%)) -> 0 | CJ52: =-MIN(CI52,$CC$12)*$CD$15 -> 0 | CK52: =-IF(E52="FOTIA",(CI52-BE52)*1%,(CI52-BE52)*1.5%) -> 0 | CL52: 0 | CN52: 0 | CZ52: =-SUM(CB52+CC52+CD52+CE52+CF52)*I52 -> 0 | DA52: =-SUM(CB52+CC52+CD52+CE52+CF52+CI52+CJ52+CK52)*J52 -> 0 | DB52: =SUM(CB52:DA52) -> 0 | DC52: =ROUND(DB52,0) -> 0 | DE52: =+DD52-DC52 -> 0
A53: =500000+B53 -> 509679 | B53: 9679 | C53: CAMPO | D53: GOMEZ DANIEL ALEJANDRO | E53: FEIA | F53: 3 | K53: Q04 | O53: 11 | P53: =+VLOOKUP(K53,$W$4:$AC$11,5,0) -> 5700.726 | Q53: =+VLOOKUP(K53,$W$4:$Z$11,2,0) -> 19002.42 | R53: =+VLOOKUP(K53,$W$4:$Y$11,3,0) -> 26397.964 | T53: 13 | U53: =+T53 -> 13 | V53: 0 | W53: 0 | X53: 1 | Y53: 0 | Z53: 0 | AA53: 0 | AB53: 0 | AC53: 0 | AD53: 0 | AE53: 0 | AF53: 0 | AG53: 0 | AH53: 0 | AI53: 0 | AJ53: 0 | AK53: 0 | AL53: 0 | AM53: 0 | AN53: 0 | AO53: 0 | AP53: 0 | AQ53: 0 | AR53: 0 | AS53: 0 | AT53: 0 | AU53: =+U53+V53+W53+Y53-Z53-AB53-AC53-AD53-AE53+AF53-AG53+AJ53 -> 13 | AV53: =+Q53*U53 -> 247031.46 | AW53: =+Q53*V53 -> 0 | AX53: =+Q53*W53 -> 0 | AY53: =+Q53*X53 -> 19002.42 | AZ53: =+(Q53*1.0833*Y53)+((P53*O53)/25*Y53) -> 0 | BA53: =-Q53/8*Z53 -> 0 | BB53: =+Q53/8*AA53 -> 0 | BC53: =-Q53*AB53 -> 0 | BD53: =-Q53*AC53 -> 0 | BE53: =-Q53/8*AD53 -> 0 | BF53: =-Q53*AE53 -> 0 | BG53: =+Q53*AF53 -> 0 | BH53: =-Q53*AG53 -> 0 | BI53: =+Q53*AI53 -> 0 | BJ53: =+Q53*AH53 -> 0 | BK53: =+Q53*AJ53 -> 0 | BL53: =+(P53*O53)/25*(U53+V53+W53-Z53-AB53-AC53-AD53-AE53+AF53-AG53) -> 32608.153 | BM53: =+$BM$15/25*(U53+V53+Y53+AF53+AH53+AI53)*0 -> 0 | BP53: =+M53*(AU53+AH53+AI53) -> 0 | BS53: =+$BS$15*AM53 -> 0 | BT53: =+$BT$15*AN53 -> 0 | BU53: =+$BU$15*AO53 -> 0 | BV53: =+$BV$15*AP53 -> 0 | CA53: =+IF(H53>59,+SUM(AV53:BX53)*138.92%,0) -> 0 | CB53: =SUM(AV53:CA53) -> 298642.03 | CE53: =-MIN(CB53,$CC$12)*$CD$15 -> -8959.261 | CF53: =-IF(E53="FOTIA",(CB53-AZ53)*1%,(CB53-AZ53)*1.5%) -> -4479.6305 | CI53: =+IF(H53>59,0,(CB53*138.92%)) -> 414873.51 | CJ53: =-MIN(CI53,$CC$12)*$CD$15 -> -12446.205 | CK53: =-IF(E53="FOTIA",(CI53-BE53)*1%,(CI53-BE53)*1.5%) -> -6223.1027 | CL53: 0 | CN53: 0 | CZ53: =-SUM(CB53+CC53+CD53+CE53+CF53)*I53 -> 0 | DA53: =-SUM(CB53+CC53+CD53+CE53+CF53+CI53+CJ53+CK53)*J53 -> 0 | DB53: =SUM(CB53:DA53) -> 681407.35 | DC53: =ROUND(DB53,0) -> 681407 | DE53: =+DD53-DC53 -> -681407
A54: =500000+B54 -> 509681 | B54: 9681 | C54: CAMPO | D54: GOMEZ MARIO ALFREDO | E54: FEIA | F54: 3 | K54: Q04 | O54: 7 | P54: =+VLOOKUP(K54,$W$4:$AC$11,5,0) -> 5700.726 | Q54: =+VLOOKUP(K54,$W$4:$Z$11,2,0) -> 19002.42 | R54: =+VLOOKUP(K54,$W$4:$Y$11,3,0) -> 26397.964 | T54: 0 | U54: =+T54 -> 0 | V54: 0 | W54: 0 | X54: 0 | Y54: 0 | Z54: 0 | AA54: 0 | AB54: 0 | AC54: 0 | AD54: 0 | AE54: 0 | AF54: 0 | AG54: 0 | AH54: 0 | AI54: 0 | AJ54: 0 | AK54: 0 | AL54: 0 | AM54: 0 | AN54: 0 | AO54: 0 | AP54: 0 | AQ54: 0 | AR54: 0 | AS54: 0 | AT54: 0 | AU54: =+U54+V54+W54+Y54-Z54-AB54-AC54-AD54-AE54+AF54-AG54+AJ54 -> 0 | AV54: =+Q54*U54 -> 0 | AW54: =+Q54*V54 -> 0 | AX54: =+Q54*W54 -> 0 | AY54: =+Q54*X54 -> 0 | AZ54: =+(Q54*1.0833*Y54)+((P54*O54)/25*Y54) -> 0 | BA54: =-Q54/8*Z54 -> 0 | BB54: =+Q54/8*AA54 -> 0 | BC54: =-Q54*AB54 -> 0 | BD54: =-Q54*AC54 -> 0 | BE54: =-Q54/8*AD54 -> 0 | BF54: =-Q54*AE54 -> 0 | BG54: =+Q54*AF54 -> 0 | BH54: =-Q54*AG54 -> 0 | BI54: =+Q54*AI54 -> 0 | BJ54: =+Q54*AH54 -> 0 | BK54: =+Q54*AJ54 -> 0 | BL54: =+(P54*O54)/25*(U54+V54+W54-Z54-AB54-AC54-AD54-AE54+AF54-AG54) -> 0 | BM54: =+$BM$15/25*(U54+V54+Y54+AF54+AH54+AI54)*0 -> 0 | BP54: =+M54*(AU54+AH54+AI54) -> 0 | BS54: =+$BS$15*AM54 -> 0 | BT54: =+$BT$15*AN54 -> 0 | BU54: =+$BU$15*AO54 -> 0 | BV54: =+$BV$15*AP54 -> 0 | CA54: =+IF(H54>59,+SUM(AV54:BX54)*138.92%,0) -> 0 | CB54: =SUM(AV54:CA54) -> 0 | CE54: =-MIN(CB54,$CC$12)*$CD$15 -> 0 | CF54: =-IF(E54="FOTIA",(CB54-AZ54)*1%,(CB54-AZ54)*1.5%) -> 0 | CI54: =+IF(H54>59,0,(CB54*138.92%)) -> 0 | CJ54: =-MIN(CI54,$CC$12)*$CD$15 -> 0 | CK54: =-IF(E54="FOTIA",(CI54-BE54)*1%,(CI54-BE54)*1.5%) -> 0 | CL54: 0 | CN54: 0 | CZ54: =-SUM(CB54+CC54+CD54+CE54+CF54)*I54 -> 0 | DA54: =-SUM(CB54+CC54+CD54+CE54+CF54+CI54+CJ54+CK54)*J54 -> 0 | DB54: =SUM(CB54:DA54) -> 0 | DC54: =ROUND(DB54,0) -> 0 | DE54: =+DD54-DC54 -> 0
A55: =500000+B55 -> 509859 | B55: 9859 | C55: CAMPO | D55: GONZALEZ JOSE LUIS | E55: FEIA | F55: 0 | K55: Q04 | O55: 0 | P55: =+VLOOKUP(K55,$W$4:$AC$11,5,0) -> 5700.726 | Q55: =+VLOOKUP(K55,$W$4:$Z$11,2,0) -> 19002.42 | R55: =+VLOOKUP(K55,$W$4:$Y$11,3,0) -> 26397.964 | T55: 11 | U55: =+T55 -> 11 | V55: 0 | W55: 1 | X55: 0 | Y55: 0 | Z55: 0 | AA55: 0 | AB55: 0 | AC55: 0 | AD55: 0 | AE55: 0 | AF55: 0 | AG55: 0 | AH55: 0 | AI55: 0 | AJ55: 0 | AK55: 0 | AL55: 0 | AM55: 0 | AN55: 0 | AO55: 0 | AP55: 0 | AQ55: 0 | AR55: 0 | AS55: 0 | AT55: 0 | AU55: =+U55+V55+W55+Y55-Z55-AB55-AC55-AD55-AE55+AF55-AG55+AJ55 -> 12 | AV55: =+Q55*U55 -> 209026.62 | AW55: =+Q55*V55 -> 0 | AX55: =+Q55*W55 -> 19002.42 | AY55: =+Q55*X55 -> 0 | AZ55: =+(Q55*1.0833*Y55)+((P55*O55)/25*Y55) -> 0 | BA55: =-Q55/8*Z55 -> 0 | BB55: =+Q55/8*AA55 -> 0 | BC55: =-Q55*AB55 -> 0 | BD55: =-Q55*AC55 -> 0 | BE55: =-Q55/8*AD55 -> 0 | BF55: =-Q55*AE55 -> 0 | BG55: =+Q55*AF55 -> 0 | BH55: =-Q55*AG55 -> 0 | BI55: =+Q55*AI55 -> 0 | BJ55: =+Q55*AH55 -> 0 | BK55: =+Q55*AJ55 -> 0 | BL55: =+(P55*O55)/25*(U55+V55+W55-Z55-AB55-AC55-AD55-AE55+AF55-AG55) -> 0 | BM55: =+$BM$15/25*(U55+V55+Y55+AF55+AH55+AI55)*0 -> 0 | BP55: =+M55*(AU55+AH55+AI55) -> 0 | BS55: =+$BS$15*AM55 -> 0 | BT55: =+$BT$15*AN55 -> 0 | BU55: =+$BU$15*AO55 -> 0 | BV55: =+$BV$15*AP55 -> 0 | CA55: =+IF(H55>59,+SUM(AV55:BX55)*138.92%,0) -> 0 | CB55: =SUM(AV55:CA55) -> 228029.04 | CE55: =-MIN(CB55,$CC$12)*$CD$15 -> -6840.8712 | CF55: =-IF(E55="FOTIA",(CB55-AZ55)*1%,(CB55-AZ55)*1.5%) -> -3420.4356 | CI55: =+IF(H55>59,0,(CB55*138.92%)) -> 316777.94 | CJ55: =-MIN(CI55,$CC$12)*$CD$15 -> -9503.3383 | CK55: =-IF(E55="FOTIA",(CI55-BE55)*1%,(CI55-BE55)*1.5%) -> -4751.6691 | CL55: 0 | CN55: 0 | CZ55: =-SUM(CB55+CC55+CD55+CE55+CF55)*I55 -> 0 | DA55: =-SUM(CB55+CC55+CD55+CE55+CF55+CI55+CJ55+CK55)*J55 -> 0 | DB55: =SUM(CB55:DA55) -> 520290.67 | DC55: =ROUND(DB55,0) -> 520291 | DE55: =+DD55-DC55 -> -520291
A56: =500000+B56 -> 509683 | B56: 9683 | C56: CAMPO | D56: GONZALEZ JUAN IGNACIO | E56: FEIA | F56: 3 | J56: 0.2 | K56: Q04 | O56: 13 | P56: =+VLOOKUP(K56,$W$4:$AC$11,5,0) -> 5700.726 | Q56: =+VLOOKUP(K56,$W$4:$Z$11,2,0) -> 19002.42 | R56: =+VLOOKUP(K56,$W$4:$Y$11,3,0) -> 26397.964 | T56: 0 | U56: =+T56 -> 0 | V56: 0 | W56: 0 | X56: 0 | Y56: 13 | Z56: 0 | AA56: 0 | AB56: 0 | AC56: 0 | AD56: 0 | AE56: 0 | AF56: 0 | AG56: 0 | AH56: 0 | AI56: 0 | AJ56: 0 | AK56: 0 | AL56: 0 | AM56: 0 | AN56: 0 | AO56: 0 | AP56: 0 | AQ56: 0 | AR56: 0 | AS56: 0 | AT56: 0 | AU56: =+U56+V56+W56+Y56-Z56-AB56-AC56-AD56-AE56+AF56-AG56+AJ56 -> 13 | AV56: =+Q56*U56 -> 0 | AW56: =+Q56*V56 -> 0 | AX56: =+Q56*W56 -> 0 | AY56: =+Q56*X56 -> 0 | AZ56: =+(Q56*1.0833*Y56)+((P56*O56)/25*Y56) -> 306146.09 | BA56: =-Q56/8*Z56 -> 0 | BB56: =+Q56/8*AA56 -> 0 | BC56: =-Q56*AB56 -> 0 | BD56: =-Q56*AC56 -> 0 | BE56: =-Q56/8*AD56 -> 0 | BF56: =-Q56*AE56 -> 0 | BG56: =+Q56*AF56 -> 0 | BH56: =-Q56*AG56 -> 0 | BI56: =+Q56*AI56 -> 0 | BJ56: =+Q56*AH56 -> 0 | BK56: =+Q56*AJ56 -> 0 | BL56: =+(P56*O56)/25*(U56+V56+W56-Z56-AB56-AC56-AD56-AE56+AF56-AG56) -> 0 | BM56: =+$BM$15/25*(U56+V56+Y56+AF56+AH56+AI56)*0 -> 0 | BP56: =+M56*(AU56+AH56+AI56) -> 0 | BS56: =+$BS$15*AM56 -> 0 | BT56: =+$BT$15*AN56 -> 0 | BU56: =+$BU$15*AO56 -> 0 | BV56: =+$BV$15*AP56 -> 0 | CA56: =+IF(H56>59,+SUM(AV56:BX56)*138.92%,0) -> 0 | CB56: =SUM(AV56:CA56) -> 306146.09 | CE56: =-MIN(CB56,$CC$12)*$CD$15 -> -9184.3827 | CF56: =-IF(E56="FOTIA",(CB56-AZ56)*1%,(CB56-AZ56)*1.5%) -> 0 | CI56: =+IF(H56>59,0,(CB56*138.92%)) -> 425298.15 | CJ56: =-MIN(CI56,$CC$12)*$CD$15 -> -12758.944 | CK56: =-IF(E56="FOTIA",(CI56-BE56)*1%,(CI56-BE56)*1.5%) -> -6379.4722 | CL56: 0 | CN56: 0 | CZ56: =-SUM(CB56+CC56+CD56+CE56+CF56)*I56 -> 0 | DA56: =-SUM(CB56+CC56+CD56+CE56+CF56+CI56+CJ56+CK56)*J56 -> -140624.29 | DB56: =SUM(CB56:DA56) -> 562497.15 | DC56: =ROUND(DB56,0) -> 562497 | DE56: =+DD56-DC56 -> -562497
A57: =500000+B57 -> 509684 | B57: 9684 | C57: CAMPO | D57: GONZALEZ LUCAS GUSTAVO | E57: FEIA | F57: 0 | K57: Q04 | O57: 0 | P57: =+VLOOKUP(K57,$W$4:$AC$11,5,0) -> 5700.726 | Q57: =+VLOOKUP(K57,$W$4:$Z$11,2,0) -> 19002.42 | R57: =+VLOOKUP(K57,$W$4:$Y$11,3,0) -> 26397.964 | T57: 0 | U57: =+T57 -> 0 | V57: 0 | W57: 0 | X57: 0 | Y57: 0 | Z57: 0 | AA57: 0 | AB57: 0 | AC57: 0 | AD57: 0 | AE57: 0 | AF57: 0 | AG57: 0 | AH57: 0 | AI57: 0 | AJ57: 0 | AK57: 0 | AL57: 0 | AM57: 0 | AN57: 0 | AO57: 0 | AP57: 0 | AQ57: 0 | AR57: 0 | AS57: 0 | AT57: 0 | AU57: =+U57+V57+W57+Y57-Z57-AB57-AC57-AD57-AE57+AF57-AG57+AJ57 -> 0 | AV57: =+Q57*U57 -> 0 | AW57: =+Q57*V57 -> 0 | AX57: =+Q57*W57 -> 0 | AY57: =+Q57*X57 -> 0 | AZ57: =+(Q57*1.0833*Y57)+((P57*O57)/25*Y57) -> 0 | BA57: =-Q57/8*Z57 -> 0 | BB57: =+Q57/8*AA57 -> 0 | BC57: =-Q57*AB57 -> 0 | BD57: =-Q57*AC57 -> 0 | BE57: =-Q57/8*AD57 -> 0 | BF57: =-Q57*AE57 -> 0 | BG57: =+Q57*AF57 -> 0 | BH57: =-Q57*AG57 -> 0 | BI57: =+Q57*AI57 -> 0 | BJ57: =+Q57*AH57 -> 0 | BK57: =+Q57*AJ57 -> 0 | BL57: =+(P57*O57)/25*(U57+V57+W57-Z57-AB57-AC57-AD57-AE57+AF57-AG57) -> 0 | BM57: =+$BM$15/25*(U57+V57+Y57+AF57+AH57+AI57)*0 -> 0 | BP57: =+M57*(AU57+AH57+AI57) -> 0 | BS57: =+$BS$15*AM57 -> 0 | BT57: =+$BT$15*AN57 -> 0 | BU57: =+$BU$15*AO57 -> 0 | BV57: =+$BV$15*AP57 -> 0 | CA57: =+IF(H57>59,+SUM(AV57:BX57)*138.92%,0) -> 0 | CB57: =SUM(AV57:CA57) -> 0 | CE57: =-MIN(CB57,$CC$12)*$CD$15 -> 0 | CF57: =-IF(E57="FOTIA",(CB57-AZ57)*1%,(CB57-AZ57)*1.5%) -> 0 | CI57: =+IF(H57>59,0,(CB57*138.92%)) -> 0 | CJ57: =-MIN(CI57,$CC$12)*$CD$15 -> 0 | CK57: =-IF(E57="FOTIA",(CI57-BE57)*1%,(CI57-BE57)*1.5%) -> 0 | CL57: 0 | CN57: 0 | CZ57: =-SUM(CB57+CC57+CD57+CE57+CF57)*I57 -> 0 | DA57: =-SUM(CB57+CC57+CD57+CE57+CF57+CI57+CJ57+CK57)*J57 -> 0 | DB57: =SUM(CB57:DA57) -> 0 | DC57: =ROUND(DB57,0) -> 0 | DE57: =+DD57-DC57 -> 0
A58: =500000+B58 -> 509751 | B58: 9751 | C58: CAMPO | D58: GRAMAJO JUAN JESUS ISAIAS | E58: FOTIA | F58: 0 | K58: Q02 | L58: Q06 | M58: =+X9-X5 -> 2099.96 | O58: 3 | P58: =+VLOOKUP(K58,$W$4:$AC$11,5,0) -> 5401.236 | Q58: =+VLOOKUP(K58,$W$4:$Z$11,2,0) -> 18004.12 | R58: =+VLOOKUP(K58,$W$4:$Y$11,3,0) -> 25011.121 | T58: 12 | U58: =+T58 -> 12 | V58: 0 | W58: 1 | X58: 0 | Y58: 0 | Z58: 0 | AA58: 0 | AB58: 0 | AC58: 0 | AD58: 0 | AE58: 0 | AF58: 0 | AG58: 0 | AH58: 0 | AI58: 0 | AJ58: 0 | AK58: 0 | AL58: 0 | AM58: 0 | AN58: 0 | AO58: 0 | AP58: 0 | AQ58: 0 | AR58: 0 | AS58: 0 | AT58: 0 | AU58: =+U58+V58+W58+Y58-Z58-AB58-AC58-AD58-AE58+AF58-AG58+AJ58 -> 13 | AV58: =+Q58*U58 -> 216049.44 | AW58: =+Q58*V58 -> 0 | AX58: =+Q58*W58 -> 18004.12 | AY58: =+Q58*X58 -> 0 | AZ58: =+(Q58*1.0833*Y58)+((P58*O58)/25*Y58) -> 0 | BA58: =-Q58/8*Z58 -> 0 | BB58: =+Q58/8*AA58 -> 0 | BC58: =-Q58*AB58 -> 0 | BD58: =-Q58*AC58 -> 0 | BE58: =-Q58/8*AD58 -> 0 | BF58: =-Q58*AE58 -> 0 | BG58: =+Q58*AF58 -> 0 | BH58: =-Q58*AG58 -> 0 | BI58: =+Q58*AI58 -> 0 | BJ58: =+Q58*AH58 -> 0 | BK58: =+Q58*AJ58 -> 0 | BL58: =+(P58*O58)/25*(U58+V58+W58-Z58-AB58-AC58-AD58-AE58+AF58-AG58) -> 8425.9282 | BM58: =+$BM$15/25*(U58+V58+Y58+AF58+AH58+AI58)*0 -> 0 | BP58: =+M58*(AU58+AH58+AI58) -> 27299.48 | BS58: =+$BS$15*AM58 -> 0 | BT58: =+$BT$15*AN58 -> 0 | BU58: =+$BU$15*AO58 -> 0 | BV58: =+$BV$15*AP58 -> 0 | CA58: =+IF(H58>59,+SUM(AV58:BX58)*138.92%,0) -> 0 | CB58: =SUM(AV58:CA58) -> 269778.97 | CE58: =-MIN(CB58,$CC$12)*$CD$15 -> -8093.369 | CF58: =-IF(E58="FOTIA",(CB58-AZ58)*1%,(CB58-AZ58)*1.5%) -> -2697.7897 | CI58: =+IF(H58>59,0,(CB58*138.92%)) -> 374776.94 | CJ58: =-MIN(CI58,$CC$12)*$CD$15 -> -11243.308 | CK58: =-IF(E58="FOTIA",(CI58-BE58)*1%,(CI58-BE58)*1.5%) -> -3747.7694 | CZ58: =-SUM(CB58+CC58+CD58+CE58+CF58)*I58 -> 0 | DA58: =-SUM(CB58+CC58+CD58+CE58+CF58+CI58+CJ58+CK58)*J58 -> 0 | DB58: =SUM(CB58:DA58) -> 618773.67 | DC58: =ROUND(DB58,0) -> 618774 | DE58: =+DD58-DC58 -> -618774
A59: =500000+B59 -> 509814 | B59: 9814 | C59: CAMPO | D59: GUTIERREZ ELIO GUSTAVO | E59: FOTIA | F59: 0 | K59: Q02 | O59: 0 | P59: =+VLOOKUP(K59,$W$4:$AC$11,5,0) -> 5401.236 | Q59: =+VLOOKUP(K59,$W$4:$Z$11,2,0) -> 18004.12 | R59: =+VLOOKUP(K59,$W$4:$Y$11,3,0) -> 25011.121 | T59: 0 | U59: =+T59 -> 0 | V59: 0 | W59: 0 | X59: 0 | Y59: 0 | Z59: 0 | AA59: 0 | AB59: 0 | AC59: 0 | AD59: 0 | AE59: 0 | AF59: 0 | AG59: 0 | AH59: 0 | AI59: 0 | AJ59: 0 | AK59: 0 | AL59: 0 | AM59: 0 | AN59: 0 | AO59: 0 | AP59: 0 | AQ59: 0 | AR59: 0 | AS59: 0 | AT59: 0 | AU59: =+U59+V59+W59+Y59-Z59-AB59-AC59-AD59-AE59+AF59-AG59+AJ59 -> 0 | AV59: =+Q59*U59 -> 0 | AW59: =+Q59*V59 -> 0 | AX59: =+Q59*W59 -> 0 | AY59: =+Q59*X59 -> 0 | AZ59: =+(Q59*1.0833*Y59)+((P59*O59)/25*Y59) -> 0 | BA59: =-Q59/8*Z59 -> 0 | BB59: =+Q59/8*AA59 -> 0 | BC59: =-Q59*AB59 -> 0 | BD59: =-Q59*AC59 -> 0 | BE59: =-Q59/8*AD59 -> 0 | BF59: =-Q59*AE59 -> 0 | BG59: =+Q59*AF59 -> 0 | BH59: =-Q59*AG59 -> 0 | BI59: =+Q59*AI59 -> 0 | BJ59: =+Q59*AH59 -> 0 | BK59: =+Q59*AJ59 -> 0 | BL59: =+(P59*O59)/25*(U59+V59+W59-Z59-AB59-AC59-AD59-AE59+AF59-AG59) -> 0 | BM59: =+$BM$15/25*(U59+V59+Y59+AF59+AH59+AI59)*0 -> 0 | BP59: =+M59*(AU59+AH59+AI59) -> 0 | BS59: =+$BS$15*AM59 -> 0 | BT59: =+$BT$15*AN59 -> 0 | BU59: =+$BU$15*AO59 -> 0 | BV59: =+$BV$15*AP59 -> 0 | CA59: =+IF(H59>59,+SUM(AV59:BX59)*138.92%,0) -> 0 | CB59: =SUM(AV59:CA59) -> 0 | CE59: =-MIN(CB59,$CC$12)*$CD$15 -> 0 | CF59: =-IF(E59="FOTIA",(CB59-AZ59)*1%,(CB59-AZ59)*1.5%) -> 0 | CI59: =+IF(H59>59,0,(CB59*138.92%)) -> 0 | CJ59: =-MIN(CI59,$CC$12)*$CD$15 -> 0 | CK59: =-IF(E59="FOTIA",(CI59-BE59)*1%,(CI59-BE59)*1.5%) -> 0 | CL59: 0 | CN59: 0 | CZ59: =-SUM(CB59+CC59+CD59+CE59+CF59)*I59 -> 0 | DA59: =-SUM(CB59+CC59+CD59+CE59+CF59+CI59+CJ59+CK59)*J59 -> 0 | DB59: =SUM(CB59:DA59) -> 0 | DC59: =ROUND(DB59,0) -> 0 | DE59: =+DD59-DC59 -> 0
A60: =500000+B60 -> 509687 | B60: 9687 | C60: CAMPO | D60: HERRERA JUAN FRANCISCO | E60: FEIA | F60: 3 | K60: Q04 | O60: 6 | P60: =+VLOOKUP(K60,$W$4:$AC$11,5,0) -> 5700.726 | Q60: =+VLOOKUP(K60,$W$4:$Z$11,2,0) -> 19002.42 | R60: =+VLOOKUP(K60,$W$4:$Y$11,3,0) -> 26397.964 | T60: 0 | U60: =+T60 -> 0 | V60: 0 | W60: 0 | X60: 0 | Y60: 0 | Z60: 0 | AA60: 0 | AB60: 0 | AC60: 0 | AD60: 0 | AE60: 0 | AF60: 0 | AG60: 0 | AH60: 0 | AI60: 0 | AJ60: 0 | AK60: 0 | AL60: 0 | AM60: 0 | AN60: 0 | AO60: 0 | AP60: 0 | AQ60: 0 | AR60: 0 | AS60: 0 | AT60: 0 | AU60: =+U60+V60+W60+Y60-Z60-AB60-AC60-AD60-AE60+AF60-AG60+AJ60 -> 0 | AV60: =+Q60*U60 -> 0 | AW60: =+Q60*V60 -> 0 | AX60: =+Q60*W60 -> 0 | AY60: =+Q60*X60 -> 0 | AZ60: =+(Q60*1.0833*Y60)+((P60*O60)/25*Y60) -> 0 | BA60: =-Q60/8*Z60 -> 0 | BB60: =+Q60/8*AA60 -> 0 | BC60: =-Q60*AB60 -> 0 | BD60: =-Q60*AC60 -> 0 | BE60: =-Q60/8*AD60 -> 0 | BF60: =-Q60*AE60 -> 0 | BG60: =+Q60*AF60 -> 0 | BH60: =-Q60*AG60 -> 0 | BI60: =+Q60*AI60 -> 0 | BJ60: =+Q60*AH60 -> 0 | BK60: =+Q60*AJ60 -> 0 | BL60: =+(P60*O60)/25*(U60+V60+W60-Z60-AB60-AC60-AD60-AE60+AF60-AG60) -> 0 | BM60: =+$BM$15/25*(U60+V60+Y60+AF60+AH60+AI60)*0 -> 0 | BP60: =+M60*(AU60+AH60+AI60) -> 0 | BS60: =+$BS$15*AM60 -> 0 | BT60: =+$BT$15*AN60 -> 0 | BU60: =+$BU$15*AO60 -> 0 | BV60: =+$BV$15*AP60 -> 0 | CA60: =+IF(H60>59,+SUM(AV60:BX60)*138.92%,0) -> 0 | CB60: =SUM(AV60:CA60) -> 0 | CE60: =-MIN(CB60,$CC$12)*$CD$15 -> 0 | CF60: =-IF(E60="FOTIA",(CB60-AZ60)*1%,(CB60-AZ60)*1.5%) -> 0 | CI60: =+IF(H60>59,0,(CB60*138.92%)) -> 0 | CJ60: =-MIN(CI60,$CC$12)*$CD$15 -> 0 | CK60: =-IF(E60="FOTIA",(CI60-BE60)*1%,(CI60-BE60)*1.5%) -> 0 | CL60: 0 | CN60: 0 | CZ60: =-SUM(CB60+CC60+CD60+CE60+CF60)*I60 -> 0 | DA60: =-SUM(CB60+CC60+CD60+CE60+CF60+CI60+CJ60+CK60)*J60 -> 0 | DB60: =SUM(CB60:DA60) -> 0 | DC60: =ROUND(DB60,0) -> 0 | DE60: =+DD60-DC60 -> 0
A61: =500000+B61 -> 509827 | B61: 9827 | C61: CAMPO | D61: HERRERA NELSON JESUS | E61: FOTIA | F61: 0 | K61: Q02 | O61: 0 | P61: =+VLOOKUP(K61,$W$4:$AC$11,5,0) -> 5401.236 | Q61: =+VLOOKUP(K61,$W$4:$Z$11,2,0) -> 18004.12 | R61: =+VLOOKUP(K61,$W$4:$Y$11,3,0) -> 25011.121 | T61: 13 | U61: =+T61 -> 13 | V61: 0 | W61: 1 | X61: 0 | Y61: 0 | Z61: 0 | AA61: 0 | AB61: 0 | AC61: 0 | AD61: 0 | AE61: 0 | AF61: 0 | AG61: 0 | AH61: 0 | AI61: 0 | AJ61: 0 | AK61: 0 | AL61: 0 | AM61: 0 | AN61: 0 | AO61: 0 | AP61: 0 | AQ61: 0 | AR61: 0 | AS61: 0 | AT61: 0 | AU61: =+U61+V61+W61+Y61-Z61-AB61-AC61-AD61-AE61+AF61-AG61+AJ61 -> 14 | AV61: =+Q61*U61 -> 234053.56 | AW61: =+Q61*V61 -> 0 | AX61: =+Q61*W61 -> 18004.12 | AY61: =+Q61*X61 -> 0 | AZ61: =+(Q61*1.0833*Y61)+((P61*O61)/25*Y61) -> 0 | BA61: =-Q61/8*Z61 -> 0 | BB61: =+Q61/8*AA61 -> 0 | BC61: =-Q61*AB61 -> 0 | BD61: =-Q61*AC61 -> 0 | BE61: =-Q61/8*AD61 -> 0 | BF61: =-Q61*AE61 -> 0 | BG61: =+Q61*AF61 -> 0 | BH61: =-Q61*AG61 -> 0 | BI61: =+Q61*AI61 -> 0 | BJ61: =+Q61*AH61 -> 0 | BK61: =+Q61*AJ61 -> 0 | BL61: =+(P61*O61)/25*(U61+V61+W61-Z61-AB61-AC61-AD61-AE61+AF61-AG61) -> 0 | BM61: =+$BM$15/25*(U61+V61+Y61+AF61+AH61+AI61)*0 -> 0 | BP61: =+M61*(AU61+AH61+AI61) -> 0 | BS61: =+$BS$15*AM61 -> 0 | BT61: =+$BT$15*AN61 -> 0 | BU61: =+$BU$15*AO61 -> 0 | BV61: =+$BV$15*AP61 -> 0 | CA61: =+IF(H61>59,+SUM(AV61:BX61)*138.92%,0) -> 0 | CB61: =SUM(AV61:CA61) -> 252057.68 | CE61: =-MIN(CB61,$CC$12)*$CD$15 -> -7561.7304 | CF61: =-IF(E61="FOTIA",(CB61-AZ61)*1%,(CB61-AZ61)*1.5%) -> -2520.5768 | CI61: =+IF(H61>59,0,(CB61*138.92%)) -> 350158.53 | CJ61: =-MIN(CI61,$CC$12)*$CD$15 -> -10504.756 | CK61: =-IF(E61="FOTIA",(CI61-BE61)*1%,(CI61-BE61)*1.5%) -> -3501.5853 | CL61: 0 | CN61: 0 | CZ61: =-SUM(CB61+CC61+CD61+CE61+CF61)*I61 -> 0 | DA61: =-SUM(CB61+CC61+CD61+CE61+CF61+CI61+CJ61+CK61)*J61 -> 0 | DB61: =SUM(CB61:DA61) -> 578127.56 | DC61: =ROUND(DB61,0) -> 578128 | DE61: =+DD61-DC61 -> -578128
A62: =500000+B62 -> 509688 | B62: 9688 | C62: CAMPO | D62: HERRERA SEGUNDO DIONISIO | E62: FEIA | F62: 3 | K62: Q04 | O62: 7 | P62: =+VLOOKUP(K62,$W$4:$AC$11,5,0) -> 5700.726 | Q62: =+VLOOKUP(K62,$W$4:$Z$11,2,0) -> 19002.42 | R62: =+VLOOKUP(K62,$W$4:$Y$11,3,0) -> 26397.964 | T62: 0 | U62: =+T62 -> 0 | V62: 0 | W62: 0 | X62: 0 | Y62: 0 | Z62: 0 | AA62: 0 | AB62: 0 | AC62: 0 | AD62: 0 | AE62: 0 | AF62: 0 | AG62: 0 | AH62: 0 | AI62: 0 | AJ62: 0 | AK62: 0 | AL62: 0 | AM62: 0 | AN62: 0 | AO62: 0 | AP62: 0 | AQ62: 0 | AR62: 0 | AS62: 0 | AT62: 0 | AU62: =+U62+V62+W62+Y62-Z62-AB62-AC62-AD62-AE62+AF62-AG62+AJ62 -> 0 | AV62: =+Q62*U62 -> 0 | AW62: =+Q62*V62 -> 0 | AX62: =+Q62*W62 -> 0 | AY62: =+Q62*X62 -> 0 | AZ62: =+(Q62*1.0833*Y62)+((P62*O62)/25*Y62) -> 0 | BA62: =-Q62/8*Z62 -> 0 | BB62: =+Q62/8*AA62 -> 0 | BC62: =-Q62*AB62 -> 0 | BD62: =-Q62*AC62 -> 0 | BE62: =-Q62/8*AD62 -> 0 | BF62: =-Q62*AE62 -> 0 | BG62: =+Q62*AF62 -> 0 | BH62: =-Q62*AG62 -> 0 | BI62: =+Q62*AI62 -> 0 | BJ62: =+Q62*AH62 -> 0 | BK62: =+Q62*AJ62 -> 0 | BL62: =+(P62*O62)/25*(U62+V62+W62-Z62-AB62-AC62-AD62-AE62+AF62-AG62) -> 0 | BM62: =+$BM$15/25*(U62+V62+Y62+AF62+AH62+AI62)*0 -> 0 | BP62: =+M62*(AU62+AH62+AI62) -> 0 | BS62: =+$BS$15*AM62 -> 0 | BT62: =+$BT$15*AN62 -> 0 | BU62: =+$BU$15*AO62 -> 0 | BV62: =+$BV$15*AP62 -> 0 | CA62: =+IF(H62>59,+SUM(AV62:BX62)*138.92%,0) -> 0 | CB62: =SUM(AV62:CA62) -> 0 | CE62: =-MIN(CB62,$CC$12)*$CD$15 -> 0 | CF62: =-IF(E62="FOTIA",(CB62-AZ62)*1%,(CB62-AZ62)*1.5%) -> 0 | CI62: =+IF(H62>59,0,(CB62*138.92%)) -> 0 | CJ62: =-MIN(CI62,$CC$12)*$CD$15 -> 0 | CK62: =-IF(E62="FOTIA",(CI62-BE62)*1%,(CI62-BE62)*1.5%) -> 0 | CL62: 0 | CN62: 0 | CZ62: =-SUM(CB62+CC62+CD62+CE62+CF62)*I62 -> 0 | DA62: =-SUM(CB62+CC62+CD62+CE62+CF62+CI62+CJ62+CK62)*J62 -> 0 | DB62: =SUM(CB62:DA62) -> 0 | DC62: =ROUND(DB62,0) -> 0 | DE62: =+DD62-DC62 -> 0
A63: =500000+B63 -> 509744 | B63: 9744 | C63: CAMPO | D63: JEREZ RUBEN PASCUAL | E63: FOTIA | F63: 0 | H63: 60 | K63: Q04 | O63: 3 | P63: =+VLOOKUP(K63,$W$4:$AC$11,5,0) -> 5700.726 | Q63: =+VLOOKUP(K63,$W$4:$Z$11,2,0) -> 19002.42 | R63: =+VLOOKUP(K63,$W$4:$Y$11,3,0) -> 26397.964 | T63: 0 | U63: =+T63 -> 0 | V63: 0 | W63: 0 | X63: 0 | Y63: 0 | Z63: 0 | AA63: 0 | AB63: 0 | AC63: 0 | AD63: 0 | AE63: 0 | AF63: 0 | AG63: 0 | AH63: 0 | AI63: 0 | AJ63: 0 | AK63: 0 | AL63: 0 | AM63: 0 | AN63: 0 | AO63: 0 | AP63: 0 | AQ63: 0 | AR63: 0 | AS63: 0 | AT63: 0 | AU63: =+U63+V63+W63+Y63-Z63-AB63-AC63-AD63-AE63+AF63-AG63+AJ63 -> 0 | AV63: =+Q63*U63 -> 0 | AW63: =+Q63*V63 -> 0 | AX63: =+Q63*W63 -> 0 | AY63: =+Q63*X63 -> 0 | AZ63: =+(Q63*1.0833*Y63)+((P63*O63)/25*Y63) -> 0 | BA63: =-Q63/8*Z63 -> 0 | BB63: =+Q63/8*AA63 -> 0 | BC63: =-Q63*AB63 -> 0 | BD63: =-Q63*AC63 -> 0 | BE63: =-Q63/8*AD63 -> 0 | BF63: =-Q63*AE63 -> 0 | BG63: =+Q63*AF63 -> 0 | BH63: =-Q63*AG63 -> 0 | BI63: =+Q63*AI63 -> 0 | BJ63: =+Q63*AH63 -> 0 | BK63: =+Q63*AJ63 -> 0 | BL63: =+(P63*O63)/25*(U63+V63+W63-Z63-AB63-AC63-AD63-AE63+AF63-AG63) -> 0 | BM63: =+$BM$15/25*(U63+V63+Y63+AF63+AH63+AI63)*0 -> 0 | BP63: =+M63*(AU63+AH63+AI63) -> 0 | BS63: =+$BS$15*AM63 -> 0 | BT63: =+$BT$15*AN63 -> 0 | BU63: =+$BU$15*AO63 -> 0 | BV63: =+$BV$15*AP63 -> 0 | CA63: =+IF(H63>59,+SUM(AV63:BX63)*138.92%,0) -> 0 | CB63: =SUM(AV63:CA63) -> 0 | CE63: =-MIN(CB63,$CC$12)*$CD$15 -> 0 | CF63: =-IF(E63="FOTIA",(CB63-AZ63)*1%,(CB63-AZ63)*1.5%) -> 0 | CI63: =+IF(H63>59,0,(CB63*138.92%)) -> 0 | CJ63: =-MIN(CI63,$CC$12)*$CD$15 -> 0 | CK63: =-IF(E63="FOTIA",(CI63-BE63)*1%,(CI63-BE63)*1.5%) -> 0 | CL63: 0 | CN63: 0 | CZ63: =-SUM(CB63+CC63+CD63+CE63+CF63)*I63 -> 0 | DA63: =-SUM(CB63+CC63+CD63+CE63+CF63+CI63+CJ63+CK63)*J63 -> 0 | DB63: =SUM(CB63:DA63) -> 0 | DC63: =ROUND(DB63,0) -> 0 | DE63: =+DD63-DC63 -> 0
A64: =500000+B64 -> 509691 | B64: 9691 | C64: CAMPO | D64: JUAREZ HECTOR ARIEL | E64: FEIA | F64: 3 | K64: Q04 | O64: 7 | P64: =+VLOOKUP(K64,$W$4:$AC$11,5,0) -> 5700.726 | Q64: =+VLOOKUP(K64,$W$4:$Z$11,2,0) -> 19002.42 | R64: =+VLOOKUP(K64,$W$4:$Y$11,3,0) -> 26397.964 | T64: 0 | U64: =+T64 -> 0 | V64: 0 | W64: 0 | X64: 0 | Y64: 0 | Z64: 0 | AA64: 0 | AB64: 0 | AC64: 0 | AD64: 0 | AE64: 0 | AF64: 0 | AG64: 0 | AH64: 0 | AI64: 0 | AJ64: 0 | AK64: 0 | AL64: 0 | AM64: 0 | AN64: 0 | AO64: 0 | AP64: 0 | AQ64: 0 | AR64: 0 | AS64: 0 | AT64: 0 | AU64: =+U64+V64+W64+Y64-Z64-AB64-AC64-AD64-AE64+AF64-AG64+AJ64 -> 0 | AV64: =+Q64*U64 -> 0 | AW64: =+Q64*V64 -> 0 | AX64: =+Q64*W64 -> 0 | AY64: =+Q64*X64 -> 0 | AZ64: =+(Q64*1.0833*Y64)+((P64*O64)/25*Y64) -> 0 | BA64: =-Q64/8*Z64 -> 0 | BB64: =+Q64/8*AA64 -> 0 | BC64: =-Q64*AB64 -> 0 | BD64: =-Q64*AC64 -> 0 | BE64: =-Q64/8*AD64 -> 0 | BF64: =-Q64*AE64 -> 0 | BG64: =+Q64*AF64 -> 0 | BH64: =-Q64*AG64 -> 0 | BI64: =+Q64*AI64 -> 0 | BJ64: =+Q64*AH64 -> 0 | BK64: =+Q64*AJ64 -> 0 | BL64: =+(P64*O64)/25*(U64+V64+W64-Z64-AB64-AC64-AD64-AE64+AF64-AG64) -> 0 | BM64: =+$BM$15/25*(U64+V64+Y64+AF64+AH64+AI64)*0 -> 0 | BP64: =+M64*(AU64+AH64+AI64) -> 0 | BS64: =+$BS$15*AM64 -> 0 | BT64: =+$BT$15*AN64 -> 0 | BU64: =+$BU$15*AO64 -> 0 | BV64: =+$BV$15*AP64 -> 0 | CA64: =+IF(H64>59,+SUM(AV64:BX64)*138.92%,0) -> 0 | CB64: =SUM(AV64:CA64) -> 0 | CE64: =-MIN(CB64,$CC$12)*$CD$15 -> 0 | CF64: =-IF(E64="FOTIA",(CB64-AZ64)*1%,(CB64-AZ64)*1.5%) -> 0 | CI64: =+IF(H64>59,0,(CB64*138.92%)) -> 0 | CJ64: =-MIN(CI64,$CC$12)*$CD$15 -> 0 | CK64: =-IF(E64="FOTIA",(CI64-BE64)*1%,(CI64-BE64)*1.5%) -> 0 | CL64: 0 | CN64: 0 | CZ64: =-SUM(CB64+CC64+CD64+CE64+CF64)*I64 -> 0 | DA64: =-SUM(CB64+CC64+CD64+CE64+CF64+CI64+CJ64+CK64)*J64 -> 0 | DB64: =SUM(CB64:DA64) -> 0 | DC64: =ROUND(DB64,0) -> 0 | DE64: =+DD64-DC64 -> 0
A65: =500000+B65 -> 509693 | B65: 9693 | C65: CAMPO | D65: JUAREZ JOSE CORNELIO | E65: FEIA | F65: 0 | H65: 64 | K65: Q02 | O65: 23 | P65: =+VLOOKUP(K65,$W$4:$AC$11,5,0) -> 5401.236 | Q65: =+VLOOKUP(K65,$W$4:$Z$11,2,0) -> 18004.12 | R65: =+VLOOKUP(K65,$W$4:$Y$11,3,0) -> 25011.121 | T65: 0 | U65: =+T65 -> 0 | V65: 0 | W65: 0 | X65: 0 | Y65: 0 | Z65: 0 | AA65: 0 | AB65: 0 | AC65: 0 | AD65: 0 | AE65: 0 | AF65: 0 | AG65: 0 | AH65: 0 | AI65: 0 | AJ65: 0 | AK65: 0 | AL65: 0 | AM65: 0 | AN65: 0 | AO65: 0 | AP65: 0 | AQ65: 0 | AR65: 0 | AS65: 0 | AT65: 0 | AU65: =+U65+V65+W65+Y65-Z65-AB65-AC65-AD65-AE65+AF65-AG65+AJ65 -> 0 | AV65: =+Q65*U65 -> 0 | AW65: =+Q65*V65 -> 0 | AX65: =+Q65*W65 -> 0 | AY65: =+Q65*X65 -> 0 | AZ65: =+(Q65*1.0833*Y65)+((P65*O65)/25*Y65) -> 0 | BA65: =-Q65/8*Z65 -> 0 | BB65: =+Q65/8*AA65 -> 0 | BC65: =-Q65*AB65 -> 0 | BD65: =-Q65*AC65 -> 0 | BE65: =-Q65/8*AD65 -> 0 | BF65: =-Q65*AE65 -> 0 | BG65: =+Q65*AF65 -> 0 | BH65: =-Q65*AG65 -> 0 | BI65: =+Q65*AI65 -> 0 | BJ65: =+Q65*AH65 -> 0 | BK65: =+Q65*AJ65 -> 0 | BL65: =+(P65*O65)/25*(U65+V65+W65-Z65-AB65-AC65-AD65-AE65+AF65-AG65) -> 0 | BM65: =+$BM$15/25*(U65+V65+Y65+AF65+AH65+AI65)*0 -> 0 | BP65: =+M65*(AU65+AH65+AI65) -> 0 | BS65: =+$BS$15*AM65 -> 0 | BT65: =+$BT$15*AN65 -> 0 | BU65: =+$BU$15*AO65 -> 0 | BV65: =+$BV$15*AP65 -> 0 | CA65: =+IF(H65>59,+SUM(AV65:BX65)*138.92%,0) -> 0 | CB65: =SUM(AV65:CA65) -> 0 | CE65: =-MIN(CB65,$CC$12)*$CD$15 -> 0 | CF65: =-IF(E65="FOTIA",(CB65-AZ65)*1%,(CB65-AZ65)*1.5%) -> 0 | CI65: =+IF(H65>59,0,(CB65*138.92%)) -> 0 | CJ65: =-MIN(CI65,$CC$12)*$CD$15 -> 0 | CK65: =-IF(E65="FOTIA",(CI65-BE65)*1%,(CI65-BE65)*1.5%) -> 0 | CL65: 0 | CN65: 0 | CZ65: =-SUM(CB65+CC65+CD65+CE65+CF65)*I65 -> 0 | DA65: =-SUM(CB65+CC65+CD65+CE65+CF65+CI65+CJ65+CK65)*J65 -> 0 | DB65: =SUM(CB65:DA65) -> 0 | DC65: =ROUND(DB65,0) -> 0 | DE65: =+DD65-DC65 -> 0
A66: =500000+B66 -> 509694 | B66: 9694 | C66: CAMPO | D66: JUAREZ JOSE LUIS | E66: FEIA | F66: 3 | J66: 0.45 | K66: Q02 | O66: 5 | P66: =+VLOOKUP(K66,$W$4:$AC$11,5,0) -> 5401.236 | Q66: =+VLOOKUP(K66,$W$4:$Z$11,2,0) -> 18004.12 | R66: =+VLOOKUP(K66,$W$4:$Y$11,3,0) -> 25011.121 | T66: 0 | U66: =+T66 -> 0 | V66: 0 | W66: 0 | X66: 0 | Y66: 0 | Z66: 0 | AA66: 0 | AB66: 0 | AC66: 0 | AD66: 0 | AE66: 0 | AF66: 0 | AG66: 0 | AH66: 0 | AI66: 0 | AJ66: 0 | AK66: 0 | AL66: 0 | AM66: 0 | AN66: 0 | AO66: 0 | AP66: 0 | AQ66: 0 | AR66: 0 | AS66: 0 | AT66: 0 | AU66: =+U66+V66+W66+Y66-Z66-AB66-AC66-AD66-AE66+AF66-AG66+AJ66 -> 0 | AV66: =+Q66*U66 -> 0 | AW66: =+Q66*V66 -> 0 | AX66: =+Q66*W66 -> 0 | AY66: =+Q66*X66 -> 0 | AZ66: =+(Q66*1.0833*Y66)+((P66*O66)/25*Y66) -> 0 | BA66: =-Q66/8*Z66 -> 0 | BB66: =+Q66/8*AA66 -> 0 | BC66: =-Q66*AB66 -> 0 | BD66: =-Q66*AC66 -> 0 | BE66: =-Q66/8*AD66 -> 0 | BF66: =-Q66*AE66 -> 0 | BG66: =+Q66*AF66 -> 0 | BH66: =-Q66*AG66 -> 0 | BI66: =+Q66*AI66 -> 0 | BJ66: =+Q66*AH66 -> 0 | BK66: =+Q66*AJ66 -> 0 | BL66: =+(P66*O66)/25*(U66+V66+W66-Z66-AB66-AC66-AD66-AE66+AF66-AG66) -> 0 | BM66: =+$BM$15/25*(U66+V66+Y66+AF66+AH66+AI66)*0 -> 0 | BP66: =+M66*(AU66+AH66+AI66) -> 0 | BS66: =+$BS$15*AM66 -> 0 | BT66: =+$BT$15*AN66 -> 0 | BU66: =+$BU$15*AO66 -> 0 | BV66: =+$BV$15*AP66 -> 0 | CA66: =+IF(H66>59,+SUM(AV66:BX66)*138.92%,0) -> 0 | CB66: =SUM(AV66:CA66) -> 0 | CE66: =-MIN(CB66,$CC$12)*$CD$15 -> 0 | CF66: =-IF(E66="FOTIA",(CB66-AZ66)*1%,(CB66-AZ66)*1.5%) -> 0 | CI66: =+IF(H66>59,0,(CB66*138.92%)) -> 0 | CJ66: =-MIN(CI66,$CC$12)*$CD$15 -> 0 | CK66: =-IF(E66="FOTIA",(CI66-BE66)*1%,(CI66-BE66)*1.5%) -> 0 | CL66: 0 | CN66: 0 | CZ66: =-SUM(CB66+CC66+CD66+CE66+CF66)*I66 -> 0 | DA66: =-SUM(CB66+CC66+CD66+CE66+CF66+CI66+CJ66+CK66)*J66 -> 0 | DB66: =SUM(CB66:DA66) -> 0 | DC66: =ROUND(DB66,0) -> 0 | DE66: =+DD66-DC66 -> 0
A67: =500000+B67 -> 509695 | B67: 9695 | C67: CAMPO | D67: JUAREZ VICTOR HUGO | E67: FEIA | F67: 3 | K67: Q04 | O67: 7 | P67: =+VLOOKUP(K67,$W$4:$AC$11,5,0) -> 5700.726 | Q67: =+VLOOKUP(K67,$W$4:$Z$11,2,0) -> 19002.42 | R67: =+VLOOKUP(K67,$W$4:$Y$11,3,0) -> 26397.964 | T67: 0 | U67: =+T67 -> 0 | V67: 0 | W67: 0 | X67: 0 | Y67: 0 | Z67: 0 | AA67: 0 | AB67: 0 | AC67: 0 | AD67: 0 | AE67: 0 | AF67: 0 | AG67: 0 | AH67: 0 | AI67: 0 | AJ67: 0 | AK67: 0 | AL67: 0 | AM67: 0 | AN67: 0 | AO67: 0 | AP67: 0 | AQ67: 0 | AR67: 0 | AS67: 0 | AT67: 0 | AU67: =+U67+V67+W67+Y67-Z67-AB67-AC67-AD67-AE67+AF67-AG67+AJ67 -> 0 | AV67: =+Q67*U67 -> 0 | AW67: =+Q67*V67 -> 0 | AX67: =+Q67*W67 -> 0 | AY67: =+Q67*X67 -> 0 | AZ67: =+(Q67*1.0833*Y67)+((P67*O67)/25*Y67) -> 0 | BA67: =-Q67/8*Z67 -> 0 | BB67: =+Q67/8*AA67 -> 0 | BC67: =-Q67*AB67 -> 0 | BD67: =-Q67*AC67 -> 0 | BE67: =-Q67/8*AD67 -> 0 | BF67: =-Q67*AE67 -> 0 | BG67: =+Q67*AF67 -> 0 | BH67: =-Q67*AG67 -> 0 | BI67: =+Q67*AI67 -> 0 | BJ67: =+Q67*AH67 -> 0 | BK67: =+Q67*AJ67 -> 0 | BL67: =+(P67*O67)/25*(U67+V67+W67-Z67-AB67-AC67-AD67-AE67+AF67-AG67) -> 0 | BM67: =+$BM$15/25*(U67+V67+Y67+AF67+AH67+AI67)*0 -> 0 | BP67: =+M67*(AU67+AH67+AI67) -> 0 | BS67: =+$BS$15*AM67 -> 0 | BT67: =+$BT$15*AN67 -> 0 | BU67: =+$BU$15*AO67 -> 0 | BV67: =+$BV$15*AP67 -> 0 | CA67: =+IF(H67>59,+SUM(AV67:BX67)*138.92%,0) -> 0 | CB67: =SUM(AV67:CA67) -> 0 | CE67: =-MIN(CB67,$CC$12)*$CD$15 -> 0 | CF67: =-IF(E67="FOTIA",(CB67-AZ67)*1%,(CB67-AZ67)*1.5%) -> 0 | CI67: =+IF(H67>59,0,(CB67*138.92%)) -> 0 | CJ67: =-MIN(CI67,$CC$12)*$CD$15 -> 0 | CK67: =-IF(E67="FOTIA",(CI67-BE67)*1%,(CI67-BE67)*1.5%) -> 0 | CL67: 0 | CN67: 0 | CZ67: =-SUM(CB67+CC67+CD67+CE67+CF67)*I67 -> 0 | DA67: =-SUM(CB67+CC67+CD67+CE67+CF67+CI67+CJ67+CK67)*J67 -> 0 | DB67: =SUM(CB67:DA67) -> 0 | DC67: =ROUND(DB67,0) -> 0 | DE67: =+DD67-DC67 -> 0
A68: =500000+B68 -> 509696 | B68: 9696 | C68: CAMPO | D68: LEGUIZAMON MARIO ENRIQUE | E68: FEIA | F68: 3 | K68: Q04 | O68: 6 | P68: =+VLOOKUP(K68,$W$4:$AC$11,5,0) -> 5700.726 | Q68: =+VLOOKUP(K68,$W$4:$Z$11,2,0) -> 19002.42 | R68: =+VLOOKUP(K68,$W$4:$Y$11,3,0) -> 26397.964 | T68: 0 | U68: =+T68 -> 0 | V68: 0 | W68: 0 | X68: 0 | Y68: 0 | Z68: 0 | AA68: 0 | AB68: 0 | AC68: 0 | AD68: 0 | AE68: 0 | AF68: 0 | AG68: 0 | AH68: 0 | AI68: 0 | AJ68: 0 | AK68: 0 | AL68: 0 | AM68: 0 | AN68: 0 | AO68: 0 | AP68: 0 | AQ68: 0 | AR68: 0 | AS68: 0 | AT68: 0 | AU68: =+U68+V68+W68+Y68-Z68-AB68-AC68-AD68-AE68+AF68-AG68+AJ68 -> 0 | AV68: =+Q68*U68 -> 0 | AW68: =+Q68*V68 -> 0 | AX68: =+Q68*W68 -> 0 | AY68: =+Q68*X68 -> 0 | AZ68: =+(Q68*1.0833*Y68)+((P68*O68)/25*Y68) -> 0 | BA68: =-Q68/8*Z68 -> 0 | BB68: =+Q68/8*AA68 -> 0 | BC68: =-Q68*AB68 -> 0 | BD68: =-Q68*AC68 -> 0 | BE68: =-Q68/8*AD68 -> 0 | BF68: =-Q68*AE68 -> 0 | BG68: =+Q68*AF68 -> 0 | BH68: =-Q68*AG68 -> 0 | BI68: =+Q68*AI68 -> 0 | BJ68: =+Q68*AH68 -> 0 | BK68: =+Q68*AJ68 -> 0 | BL68: =+(P68*O68)/25*(U68+V68+W68-Z68-AB68-AC68-AD68-AE68+AF68-AG68) -> 0 | BM68: =+$BM$15/25*(U68+V68+Y68+AF68+AH68+AI68)*0 -> 0 | BP68: =+M68*(AU68+AH68+AI68) -> 0 | BS68: =+$BS$15*AM68 -> 0 | BT68: =+$BT$15*AN68 -> 0 | BU68: =+$BU$15*AO68 -> 0 | BV68: =+$BV$15*AP68 -> 0 | CA68: =+IF(H68>59,+SUM(AV68:BX68)*138.92%,0) -> 0 | CB68: =SUM(AV68:CA68) -> 0 | CE68: =-MIN(CB68,$CC$12)*$CD$15 -> 0 | CF68: =-IF(E68="FOTIA",(CB68-AZ68)*1%,(CB68-AZ68)*1.5%) -> 0 | CI68: =+IF(H68>59,0,(CB68*138.92%)) -> 0 | CJ68: =-MIN(CI68,$CC$12)*$CD$15 -> 0 | CK68: =-IF(E68="FOTIA",(CI68-BE68)*1%,(CI68-BE68)*1.5%) -> 0 | CL68: 0 | CN68: 0 | CZ68: =-SUM(CB68+CC68+CD68+CE68+CF68)*I68 -> 0 | DA68: =-SUM(CB68+CC68+CD68+CE68+CF68+CI68+CJ68+CK68)*J68 -> 0 | DB68: =SUM(CB68:DA68) -> 0 | DC68: =ROUND(DB68,0) -> 0 | DE68: =+DD68-DC68 -> 0
A69: =500000+B69 -> 509858 | B69: 9858 | C69: CAMPO | D69: LEIVA GUILLERMO ADRIAN | E69: FEIA | F69: 0 | K69: Q04 | O69: 0 | P69: =+VLOOKUP(K69,$W$4:$AC$11,5,0) -> 5700.726 | Q69: =+VLOOKUP(K69,$W$4:$Z$11,2,0) -> 19002.42 | R69: =+VLOOKUP(K69,$W$4:$Y$11,3,0) -> 26397.964 | T69: 0 | U69: =+T69 -> 0 | V69: 0 | W69: 0 | X69: 0 | Y69: 0 | Z69: 0 | AA69: 0 | AB69: 0 | AC69: 0 | AD69: 0 | AE69: 0 | AF69: 0 | AG69: 0 | AH69: 0 | AI69: 0 | AJ69: 0 | AK69: 0 | AL69: 0 | AM69: 0 | AN69: 0 | AO69: 0 | AP69: 0 | AQ69: 0 | AR69: 0 | AS69: 0 | AT69: 0 | AU69: =+U69+V69+W69+Y69-Z69-AB69-AC69-AD69-AE69+AF69-AG69+AJ69 -> 0 | AV69: =+Q69*U69 -> 0 | AW69: =+Q69*V69 -> 0 | AX69: =+Q69*W69 -> 0 | AY69: =+Q69*X69 -> 0 | AZ69: =+(Q69*1.0833*Y69)+((P69*O69)/25*Y69) -> 0 | BA69: =-Q69/8*Z69 -> 0 | BB69: =+Q69/8*AA69 -> 0 | BC69: =-Q69*AB69 -> 0 | BD69: =-Q69*AC69 -> 0 | BE69: =-Q69/8*AD69 -> 0 | BF69: =-Q69*AE69 -> 0 | BG69: =+Q69*AF69 -> 0 | BH69: =-Q69*AG69 -> 0 | BI69: =+Q69*AI69 -> 0 | BJ69: =+Q69*AH69 -> 0 | BK69: =+Q69*AJ69 -> 0 | BL69: =+(P69*O69)/25*(U69+V69+W69-Z69-AB69-AC69-AD69-AE69+AF69-AG69) -> 0 | BM69: =+$BM$15/25*(U69+V69+Y69+AF69+AH69+AI69)*0 -> 0 | BP69: =+M69*(AU69+AH69+AI69) -> 0 | BS69: =+$BS$15*AM69 -> 0 | BT69: =+$BT$15*AN69 -> 0 | BU69: =+$BU$15*AO69 -> 0 | BV69: =+$BV$15*AP69 -> 0 | CA69: =+IF(H69>59,+SUM(AV69:BX69)*138.92%,0) -> 0 | CB69: =SUM(AV69:CA69) -> 0 | CE69: =-MIN(CB69,$CC$12)*$CD$15 -> 0 | CF69: =-IF(E69="FOTIA",(CB69-AZ69)*1%,(CB69-AZ69)*1.5%) -> 0 | CI69: =+IF(H69>59,0,(CB69*138.92%)) -> 0 | CJ69: =-MIN(CI69,$CC$12)*$CD$15 -> 0 | CK69: =-IF(E69="FOTIA",(CI69-BE69)*1%,(CI69-BE69)*1.5%) -> 0 | CL69: 0 | CN69: 0 | CZ69: =-SUM(CB69+CC69+CD69+CE69+CF69)*I69 -> 0 | DA69: =-SUM(CB69+CC69+CD69+CE69+CF69+CI69+CJ69+CK69)*J69 -> 0 | DB69: =SUM(CB69:DA69) -> 0 | DC69: =ROUND(DB69,0) -> 0 | DE69: =+DD69-DC69 -> 0
A70: =500000+B70 -> 509697 | B70: 9697 | C70: CAMPO | D70: LUCENA JUAN MARCELO | E70: FEIA | F70: 3 | J70: 0.2 | K70: Q04 | O70: 10 | P70: =+VLOOKUP(K70,$W$4:$AC$11,5,0) -> 5700.726 | Q70: =+VLOOKUP(K70,$W$4:$Z$11,2,0) -> 19002.42 | R70: =+VLOOKUP(K70,$W$4:$Y$11,3,0) -> 26397.964 | T70: 13 | U70: =+T70 -> 13 | V70: 0 | W70: 0 | X70: 1 | Y70: 0 | Z70: 0 | AA70: 0 | AB70: 0 | AC70: 0 | AD70: 0 | AE70: 0 | AF70: 0 | AG70: 0 | AH70: 0 | AI70: 0 | AJ70: 0 | AK70: 0 | AL70: 0 | AM70: 0 | AN70: 0 | AO70: 0 | AP70: 0 | AQ70: 0 | AR70: 0 | AS70: 0 | AT70: 0 | AU70: =+U70+V70+W70+Y70-Z70-AB70-AC70-AD70-AE70+AF70-AG70+AJ70 -> 13 | AV70: =+Q70*U70 -> 247031.46 | AW70: =+Q70*V70 -> 0 | AX70: =+Q70*W70 -> 0 | AY70: =+Q70*X70 -> 19002.42 | AZ70: =+(Q70*1.0833*Y70)+((P70*O70)/25*Y70) -> 0 | BA70: =-Q70/8*Z70 -> 0 | BB70: =+Q70/8*AA70 -> 0 | BC70: =-Q70*AB70 -> 0 | BD70: =-Q70*AC70 -> 0 | BE70: =-Q70*AD70 -> 0 | BF70: =-Q70*AE70 -> 0 | BG70: =+Q70*AF70 -> 0 | BH70: =-Q70*AG70 -> 0 | BI70: =+Q70*AI70 -> 0 | BJ70: =+Q70*AH70 -> 0 | BK70: =+Q70*AJ70 -> 0 | BL70: =+(P70*O70)/25*(U70+V70+W70-Z70-AB70-AC70-AD70-AE70+AF70-AG70) -> 29643.775 | BM70: =+$BM$15/25*(U70+V70+Y70+AF70+AH70+AI70)*0 -> 0 | BP70: =+M70*(AU70+AH70+AI70) -> 0 | BS70: =+$BS$15*AM70 -> 0 | BT70: =+$BT$15*AN70 -> 0 | BU70: =+$BU$15*AO70 -> 0 | BV70: =+$BV$15*AP70 -> 0 | CA70: =+IF(H70>59,+SUM(AV70:BX70)*138.92%,0) -> 0 | CB70: =SUM(AV70:CA70) -> 295677.66 | CE70: =-MIN(CB70,$CC$12)*$CD$15 -> -8870.3297 | CF70: =-IF(E70="FOTIA",(CB70-AZ70)*1%,(CB70-AZ70)*1.5%) -> -4435.1648 | CI70: =+IF(H70>59,0,(CB70*138.92%)) -> 410755.4 | CJ70: =-MIN(CI70,$CC$12)*$CD$15 -> -12322.662 | CK70: =-IF(E70="FOTIA",(CI70-BE70)*1%,(CI70-BE70)*1.5%) -> -6161.331 | CL70: 0 | CN70: 0 | CZ70: =-SUM(CB70+CC70+CD70+CE70+CF70)*I70 -> 0 | DA70: =-SUM(CB70+CC70+CD70+CE70+CF70+CI70+CJ70+CK70)*J70 -> -134928.71 | DB70: =SUM(CB70:DA70) -> 539714.85 | DC70: =ROUND(DB70,0) -> 539715 | DE70: =+DD70-DC70 -> -539715
A71: =500000+B71 -> 509855 | B71: 9855 | C71: CAMPO | D71: LUCENA MATIAS ADRIAN | E71: FEIA | F71: 0 | K71: Q04 | O71: 0 | P71: =+VLOOKUP(K71,$W$4:$AC$11,5,0) -> 5700.726 | Q71: =+VLOOKUP(K71,$W$4:$Z$11,2,0) -> 19002.42 | R71: =+VLOOKUP(K71,$W$4:$Y$11,3,0) -> 26397.964 | T71: 0 | U71: =+T71 -> 0 | V71: 0 | W71: 0 | X71: 0 | Y71: 0 | Z71: 0 | AA71: 0 | AB71: 0 | AC71: 0 | AD71: 0 | AE71: 0 | AF71: 0 | AG71: 0 | AH71: 0 | AI71: 0 | AJ71: 0 | AK71: 0 | AL71: 0 | AM71: 0 | AN71: 0 | AO71: 0 | AP71: 0 | AQ71: 0 | AR71: 0 | AS71: 0 | AT71: 0 | AU71: =+U71+V71+W71+Y71-Z71-AB71-AC71-AD71-AE71+AF71-AG71+AJ71 -> 0 | AV71: =+Q71*U71 -> 0 | AW71: =+Q71*V71 -> 0 | AX71: =+Q71*W71 -> 0 | AY71: =+Q71*X71 -> 0 | AZ71: =+(Q71*1.0833*Y71)+((P71*O71)/25*Y71) -> 0 | BA71: =-Q71/8*Z71 -> 0 | BB71: =+Q71/8*AA71 -> 0 | BC71: =-Q71*AB71 -> 0 | BD71: =-Q71*AC71 -> 0 | BE71: =-Q71/8*AD71 -> 0 | BF71: =-Q71*AE71 -> 0 | BG71: =+Q71*AF71 -> 0 | BH71: =-Q71*AG71 -> 0 | BI71: =+Q71*AI71 -> 0 | BJ71: =+Q71*AH71 -> 0 | BK71: =+Q71*AJ71 -> 0 | BL71: =+(P71*O71)/25*(U71+V71+W71-Z71-AB71-AC71-AD71-AE71+AF71-AG71) -> 0 | BM71: =+$BM$15/25*(U71+V71+Y71+AF71+AH71+AI71)*0 -> 0 | BP71: =+M71*(AU71+AH71+AI71) -> 0 | BS71: =+$BS$15*AM71 -> 0 | BT71: =+$BT$15*AN71 -> 0 | BU71: =+$BU$15*AO71 -> 0 | BV71: =+$BV$15*AP71 -> 0 | CA71: =+IF(H71>59,+SUM(AV71:BX71)*138.92%,0) -> 0 | CB71: =SUM(AV71:CA71) -> 0 | CE71: =-MIN(CB71,$CC$12)*$CD$15 -> 0 | CF71: =-IF(E71="FOTIA",(CB71-AZ71)*1%,(CB71-AZ71)*1.5%) -> 0 | CI71: =+IF(H71>59,0,(CB71*138.92%)) -> 0 | CJ71: =-MIN(CI71,$CC$12)*$CD$15 -> 0 | CK71: =-IF(E71="FOTIA",(CI71-BE71)*1%,(CI71-BE71)*1.5%) -> 0 | CL71: 0 | CN71: 0 | CZ71: =-SUM(CB71+CC71+CD71+CE71+CF71)*I71 -> 0 | DA71: =-SUM(CB71+CC71+CD71+CE71+CF71+CI71+CJ71+CK71)*J71 -> 0 | DB71: =SUM(CB71:DA71) -> 0 | DC71: =ROUND(DB71,0) -> 0 | DE71: =+DD71-DC71 -> 0
A72: =500000+B72 -> 509698 | B72: 9698 | C72: CAMPO | D72: LUCENA SILVIO OMAR | E72: FOTIA | F72: 0 | K72: Q04 | O72: 8 | P72: =+VLOOKUP(K72,$W$4:$AC$11,5,0) -> 5700.726 | Q72: =+VLOOKUP(K72,$W$4:$Z$11,2,0) -> 19002.42 | R72: =+VLOOKUP(K72,$W$4:$Y$11,3,0) -> 26397.964 | T72: 0 | U72: =+T72 -> 0 | V72: 0 | W72: 0 | X72: 0 | Y72: 0 | Z72: 0 | AA72: 0 | AB72: 0 | AC72: 0 | AD72: 0 | AE72: 0 | AF72: 0 | AG72: 0 | AH72: 0 | AI72: 0 | AJ72: 0 | AK72: 0 | AL72: 0 | AM72: 0 | AN72: 0 | AO72: 0 | AP72: 0 | AQ72: 0 | AR72: 0 | AS72: 0 | AT72: 0 | AU72: =+U72+V72+W72+Y72-Z72-AB72-AC72-AD72-AE72+AF72-AG72+AJ72 -> 0 | AV72: =+Q72*U72 -> 0 | AW72: =+Q72*V72 -> 0 | AX72: =+Q72*W72 -> 0 | AY72: =+Q72*X72 -> 0 | AZ72: =+(Q72*1.0833*Y72)+((P72*O72)/25*Y72) -> 0 | BA72: =-Q72/8*Z72 -> 0 | BB72: =+Q72/8*AA72 -> 0 | BC72: =-Q72*AB72 -> 0 | BD72: =-Q72*AC72 -> 0 | BE72: =-Q72/8*AD72 -> 0 | BF72: =-Q72*AE72 -> 0 | BG72: =+Q72*AF72 -> 0 | BH72: =-Q72*AG72 -> 0 | BI72: =+Q72*AI72 -> 0 | BJ72: =+Q72*AH72 -> 0 | BK72: =+Q72*AJ72 -> 0 | BL72: =+(P72*O72)/25*(U72+V72+W72-Z72-AB72-AC72-AD72-AE72+AF72-AG72) -> 0 | BM72: =+$BM$15/25*(U72+V72+Y72+AF72+AH72+AI72)*0 -> 0 | BP72: =+M72*(AU72+AH72+AI72) -> 0 | BS72: =+$BS$15*AM72 -> 0 | BT72: =+$BT$15*AN72 -> 0 | BU72: =+$BU$15*AO72 -> 0 | BV72: =+$BV$15*AP72 -> 0 | CA72: =+IF(H72>59,+SUM(AV72:BX72)*138.92%,0) -> 0 | CB72: =SUM(AV72:CA72) -> 0 | CE72: =-MIN(CB72,$CC$12)*$CD$15 -> 0 | CF72: =-IF(E72="FOTIA",(CB72-AZ72)*1%,(CB72-AZ72)*1.5%) -> 0 | CI72: =+IF(H72>59,0,(CB72*138.92%)) -> 0 | CJ72: =-MIN(CI72,$CC$12)*$CD$15 -> 0 | CK72: =-IF(E72="FOTIA",(CI72-BE72)*1%,(CI72-BE72)*1.5%) -> 0 | CL72: 0 | CN72: 0 | CZ72: =-SUM(CB72+CC72+CD72+CE72+CF72)*I72 -> 0 | DA72: =-SUM(CB72+CC72+CD72+CE72+CF72+CI72+CJ72+CK72)*J72 -> 0 | DB72: =SUM(CB72:DA72) -> 0 | DC72: =ROUND(DB72,0) -> 0 | DE72: =+DD72-DC72 -> 0
A73: =500000+B73 -> 509741 | B73: 9741 | C73: CAMPO | D73: LUNA JORGE MIGUEL | E73: FOTIA | F73: 0 | K73: Q02 | O73: 3 | P73: =+VLOOKUP(K73,$W$4:$AC$11,5,0) -> 5401.236 | Q73: =+VLOOKUP(K73,$W$4:$Z$11,2,0) -> 18004.12 | R73: =+VLOOKUP(K73,$W$4:$Y$11,3,0) -> 25011.121 | T73: 3 | U73: =+T73 -> 3 | V73: 0 | W73: 0 | X73: 0 | Y73: 0 | Z73: 0 | AA73: 0 | AB73: 0 | AC73: 0 | AD73: 0 | AE73: 0 | AF73: 0 | AG73: 0 | AH73: 0 | AI73: 0 | AJ73: 0 | AK73: 0 | AL73: 0 | AM73: 0 | AN73: 0 | AO73: 0 | AP73: 0 | AQ73: 0 | AR73: 0 | AS73: 0 | AT73: 0 | AU73: =+U73+V73+W73+Y73-Z73-AB73-AC73-AD73-AE73+AF73-AG73+AJ73 -> 3 | AV73: =+Q73*U73 -> 54012.36 | AW73: =+Q73*V73 -> 0 | AX73: =+Q73*W73 -> 0 | AY73: =+Q73*X73 -> 0 | AZ73: =+(Q73*1.0833*Y73)+((P73*O73)/25*Y73) -> 0 | BA73: =-Q73/8*Z73 -> 0 | BB73: =+Q73/8*AA73 -> 0 | BC73: =-Q73*AB73 -> 0 | BD73: =-Q73*AC73 -> 0 | BE73: =-Q73/8*AD73 -> 0 | BF73: =-Q73*AE73 -> 0 | BG73: =+Q73*AF73 -> 0 | BH73: =-Q73*AG73 -> 0 | BI73: =+Q73*AI73 -> 0 | BJ73: =+Q73*AH73 -> 0 | BK73: =+Q73*AJ73 -> 0 | BL73: =+(P73*O73)/25*(U73+V73+W73-Z73-AB73-AC73-AD73-AE73+AF73-AG73) -> 1944.445 | BM73: =+$BM$15/25*(U73+V73+Y73+AF73+AH73+AI73)*0 -> 0 | BP73: =+M73*(AU73+AH73+AI73) -> 0 | BS73: =+$BS$15*AM73 -> 0 | BT73: =+$BT$15*AN73 -> 0 | BU73: =+$BU$15*AO73 -> 0 | BV73: =+$BV$15*AP73 -> 0 | CA73: =+IF(H73>59,+SUM(AV73:BX73)*138.92%,0) -> 0 | CB73: =SUM(AV73:CA73) -> 55956.805 | CE73: =-MIN(CB73,$CC$12)*$CD$15 -> -1678.7041 | CF73: =-IF(E73="FOTIA",(CB73-AZ73)*1%,(CB73-AZ73)*1.5%) -> -559.56805 | CI73: =+IF(H73>59,0,(CB73*138.92%)) -> 77735.193 | CJ73: =-MIN(CI73,$CC$12)*$CD$15 -> -2332.0558 | CK73: =-IF(E73="FOTIA",(CI73-BE73)*1%,(CI73-BE73)*1.5%) -> -777.35193 | CL73: 0 | CN73: 0 | CZ73: =-SUM(CB73+CC73+CD73+CE73+CF73)*I73 -> 0 | DA73: =-SUM(CB73+CC73+CD73+CE73+CF73+CI73+CJ73+CK73)*J73 -> 0 | DB73: =SUM(CB73:DA73) -> 128344.32 | DC73: =ROUND(DB73,0) -> 128344 | DE73: =+DD73-DC73 -> -128344
A74: =500000+B74 -> 509699 | B74: 9699 | C74: CAMPO | D74: LUNA JULIO CESAR | E74: FOTIA | F74: 3 | H74: 60 | K74: Q04 | O74: 7 | P74: =+VLOOKUP(K74,$W$4:$AC$11,5,0) -> 5700.726 | Q74: =+VLOOKUP(K74,$W$4:$Z$11,2,0) -> 19002.42 | R74: =+VLOOKUP(K74,$W$4:$Y$11,3,0) -> 26397.964 | T74: 8 | U74: =+T74 -> 8 | V74: 3 | W74: 1 | X74: 0 | Y74: 0 | Z74: 0 | AA74: 15 | AB74: 0 | AC74: 0 | AD74: 0 | AE74: 0 | AF74: 0 | AG74: 0 | AH74: 0 | AI74: 0.625 | AJ74: 0 | AK74: 0 | AL74: 0 | AM74: 0 | AN74: 0 | AO74: 0 | AP74: 0 | AQ74: 0 | AR74: 0 | AS74: 0 | AT74: 0 | AU74: =+U74+V74+W74+Y74-Z74-AB74-AC74-AD74-AE74+AF74-AG74+AJ74 -> 12 | AV74: =+Q74*U74 -> 152019.36 | AW74: =+Q74*V74 -> 57007.26 | AX74: =+Q74*W74 -> 19002.42 | AY74: =+Q74*X74 -> 0 | AZ74: =+(Q74*1.0833*Y74)+((P74*O74)/25*Y74) -> 0 | BA74: =-Q74/8*Z74 -> 0 | BB74: =+Q74/8*AA74 -> 35629.537 | BC74: =-Q74*AB74 -> 0 | BD74: =-Q74*AC74 -> 0 | BE74: =-Q74/8*AD74 -> 0 | BF74: =-Q74*AE74 -> 0 | BG74: =+Q74*AF74 -> 0 | BH74: =-Q74*AG74 -> 0 | BI74: =+Q74*AI74 -> 11876.512 | BJ74: =+Q74*AH74 -> 0 | BK74: =+Q74*AJ74 -> 0 | BL74: =+(P74*O74)/25*(U74+V74+W74-Z74-AB74-AC74-AD74-AE74+AF74-AG74) -> 19154.439 | BM74: =+$BM$15/25*(U74+V74+Y74+AF74+AH74+AI74)*0 -> 0 | BP74: =+M74*(AU74+AH74+AI74) -> 0 | BS74: =+$BS$15*AM74 -> 0 | BT74: =+$BT$15*AN74 -> 0 | BU74: =+$BU$15*AO74 -> 0 | BV74: =+$BV$15*AP74 -> 0 | CA74: =+IF(H74>59,+SUM(AV74:BX74)*138.92%,0) -> 409382.69 | CB74: =SUM(AV74:CA74) -> 704072.22 | CE74: =-MIN(CB74,$CC$12)*$CD$15 -> -21122.167 | CF74: =-IF(E74="FOTIA",(CB74-AZ74)*1%,(CB74-AZ74)*1.5%) -> -7040.7222 | CI74: =+IF(H74>59,0,(CB74*138.92%)) -> 0 | CJ74: =-MIN(CI74,$CC$12)*$CD$15 -> 0 | CK74: =-IF(E74="FOTIA",(CI74-BE74)*1%,(CI74-BE74)*1.5%) -> 0 | CL74: 0 | CN74: 0 | CZ74: =-SUM(CB74+CC74+CD74+CE74+CF74)*I74 -> 0 | DA74: =-SUM(CB74+CC74+CD74+CE74+CF74+CI74+CJ74+CK74)*J74 -> 0 | DB74: =SUM(CB74:DA74) -> 675909.33 | DC74: =ROUND(DB74,0) -> 675909 | DE74: =+DD74-DC74 -> -675909
A75: =500000+B75 -> 509753 | B75: 9753 | C75: CAMPO | D75: MEDINA JORGE MARCELO | E75: FOTIA | F75: 0 | K75: Q04 | O75: 3 | P75: =+VLOOKUP(K75,$W$4:$AC$11,5,0) -> 5700.726 | Q75: =+VLOOKUP(K75,$W$4:$Z$11,2,0) -> 19002.42 | R75: =+VLOOKUP(K75,$W$4:$Y$11,3,0) -> 26397.964 | T75: 0 | U75: =+T75 -> 0 | V75: 0 | W75: 0 | X75: 0 | Y75: 0 | Z75: 0 | AA75: 0 | AB75: 0 | AC75: 0 | AD75: 0 | AE75: 0 | AF75: 0 | AG75: 0 | AH75: 0 | AI75: 0 | AJ75: 0 | AK75: 0 | AL75: 0 | AM75: 0 | AN75: 0 | AO75: 0 | AP75: 0 | AQ75: 0 | AR75: 0 | AS75: 0 | AT75: 0 | AU75: =+U75+V75+W75+Y75-Z75-AB75-AC75-AD75-AE75+AF75-AG75+AJ75 -> 0 | AV75: =+Q75*U75 -> 0 | AW75: =+Q75*V75 -> 0 | AX75: =+Q75*W75 -> 0 | AY75: =+Q75*X75 -> 0 | AZ75: =+(Q75*1.0833*Y75)+((P75*O75)/25*Y75) -> 0 | BA75: =-Q75/8*Z75 -> 0 | BB75: =+Q75/8*AA75 -> 0 | BC75: =-Q75*AB75 -> 0 | BD75: =-Q75*AC75 -> 0 | BE75: =-Q75/8*AD75 -> 0 | BF75: =-Q75*AE75 -> 0 | BG75: =+Q75*AF75 -> 0 | BH75: =-Q75*AG75 -> 0 | BI75: =+Q75*AI75 -> 0 | BJ75: =+Q75*AH75 -> 0 | BK75: =+Q75*AJ75 -> 0 | BL75: =+(P75*O75)/25*(U75+V75+W75-Z75-AB75-AC75-AD75-AE75+AF75-AG75) -> 0 | BM75: =+$BM$15/25*(U75+V75+Y75+AF75+AH75+AI75)*0 -> 0 | BP75: =+M75*(AU75+AH75+AI75) -> 0 | BS75: =+$BS$15*AM75 -> 0 | BT75: =+$BT$15*AN75 -> 0 | BU75: =+$BU$15*AO75 -> 0 | BV75: =+$BV$15*AP75 -> 0 | CA75: =+IF(H75>59,+SUM(AV75:BX75)*138.92%,0) -> 0 | CB75: =SUM(AV75:CA75) -> 0 | CE75: =-MIN(CB75,$CC$12)*$CD$15 -> 0 | CF75: =-IF(E75="FOTIA",(CB75-AZ75)*1%,(CB75-AZ75)*1.5%) -> 0 | CI75: =+IF(H75>59,0,(CB75*138.92%)) -> 0 | CJ75: =-MIN(CI75,$CC$12)*$CD$15 -> 0 | CK75: =-IF(E75="FOTIA",(CI75-BE75)*1%,(CI75-BE75)*1.5%) -> 0 | CL75: 0 | CN75: 0 | CZ75: =-SUM(CB75+CC75+CD75+CE75+CF75)*I75 -> 0 | DA75: =-SUM(CB75+CC75+CD75+CE75+CF75+CI75+CJ75+CK75)*J75 -> 0 | DB75: =SUM(CB75:DA75) -> 0 | DC75: =ROUND(DB75,0) -> 0 | DE75: =+DD75-DC75 -> 0
A76: =500000+B76 -> 509847 | B76: 9847 | C76: CAMPO | D76: MEDINA JOSE FELIX | E76: FOTIA | F76: 0 | K76: Q02 | O76: 0 | P76: =+VLOOKUP(K76,$W$4:$AC$11,5,0) -> 5401.236 | Q76: =+VLOOKUP(K76,$W$4:$Z$11,2,0) -> 18004.12 | R76: =+VLOOKUP(K76,$W$4:$Y$11,3,0) -> 25011.121 | T76: 7 | U76: =+T76 -> 7 | V76: 0 | W76: 1 | X76: 0 | Y76: 0 | Z76: 0 | AA76: 0 | AB76: 0 | AC76: 0 | AD76: 0 | AE76: 0 | AF76: 0 | AG76: 0 | AH76: 0 | AI76: 0 | AJ76: 0 | AK76: 0 | AL76: 0 | AM76: 0 | AN76: 0 | AO76: 0 | AP76: 0 | AQ76: 0 | AR76: 0 | AS76: 0 | AT76: 0 | AU76: =+U76+V76+W76+Y76-Z76-AB76-AC76-AD76-AE76+AF76-AG76+AJ76 -> 8 | AV76: =+Q76*U76 -> 126028.84 | AW76: =+Q76*V76 -> 0 | AX76: =+Q76*W76 -> 18004.12 | AY76: =+Q76*X76 -> 0 | AZ76: =+(Q76*1.0833*Y76)+((P76*O76)/25*Y76) -> 0 | BA76: =-Q76/8*Z76 -> 0 | BB76: =+Q76/8*AA76 -> 0 | BC76: =-Q76*AB76 -> 0 | BD76: =-Q76*AC76 -> 0 | BE76: =-Q76/8*AD76 -> 0 | BF76: =-Q76*AE76 -> 0 | BG76: =+Q76*AF76 -> 0 | BH76: =-Q76*AG76 -> 0 | BI76: =+Q76*AI76 -> 0 | BJ76: =+Q76*AH76 -> 0 | BK76: =+Q76*AJ76 -> 0 | BL76: =+(P76*O76)/25*(U76+V76+W76-Z76-AB76-AC76-AD76-AE76+AF76-AG76) -> 0 | BM76: =+$BM$15/25*(U76+V76+Y76+AF76+AH76+AI76)*0 -> 0 | BP76: =+M76*(AU76+AH76+AI76) -> 0 | BS76: =+$BS$15*AM76 -> 0 | BT76: =+$BT$15*AN76 -> 0 | BU76: =+$BU$15*AO76 -> 0 | BV76: =+$BV$15*AP76 -> 0 | CA76: =+IF(H76>59,+SUM(AV76:BX76)*138.92%,0) -> 0 | CB76: =SUM(AV76:CA76) -> 144032.96 | CE76: =-MIN(CB76,$CC$12)*$CD$15 -> -4320.9888 | CF76: =-IF(E76="FOTIA",(CB76-AZ76)*1%,(CB76-AZ76)*1.5%) -> -1440.3296 | CI76: =+IF(H76>59,0,(CB76*138.92%)) -> 200090.59 | CJ76: =-MIN(CI76,$CC$12)*$CD$15 -> -6002.7176 | CK76: =-IF(E76="FOTIA",(CI76-BE76)*1%,(CI76-BE76)*1.5%) -> -2000.9059 | CL76: 0 | CN76: 0 | CZ76: =-SUM(CB76+CC76+CD76+CE76+CF76)*I76 -> 0 | DA76: =-SUM(CB76+CC76+CD76+CE76+CF76+CI76+CJ76+CK76)*J76 -> 0 | DB76: =SUM(CB76:DA76) -> 330358.61 | DC76: =ROUND(DB76,0) -> 330359 | DE76: =+DD76-DC76 -> -330359
A77: =500000+B77 -> 509702 | B77: 9702 | C77: CAMPO | D77: MEDINA JUAN ALBERTO | E77: FEIA | F77: 0 | K77: Q04 | O77: 20 | P77: =+VLOOKUP(K77,$W$4:$AC$11,5,0) -> 5700.726 | Q77: =+VLOOKUP(K77,$W$4:$Z$11,2,0) -> 19002.42 | R77: =+VLOOKUP(K77,$W$4:$Y$11,3,0) -> 26397.964 | T77: 9 | U77: =+T77 -> 9 | V77: 0 | W77: 1 | X77: 0 | Y77: 0 | Z77: 0 | AA77: 0 | AB77: 0 | AC77: 0 | AD77: 0 | AE77: 0 | AF77: 0 | AG77: 0 | AH77: 0 | AI77: 0 | AJ77: 0 | AK77: 0 | AL77: 0 | AM77: 0 | AN77: 0 | AO77: 0 | AP77: 0 | AQ77: 0 | AR77: 0 | AS77: 0 | AT77: 0 | AU77: =+U77+V77+W77+Y77-Z77-AB77-AC77-AD77-AE77+AF77-AG77+AJ77 -> 10 | AV77: =+Q77*U77 -> 171021.78 | AW77: =+Q77*V77 -> 0 | AX77: =+Q77*W77 -> 19002.42 | AY77: =+Q77*X77 -> 0 | AZ77: =+(Q77*1.0833*Y77)+((P77*O77)/25*Y77) -> 0 | BA77: =-Q77/8*Z77 -> 0 | BB77: =+Q77/8*AA77 -> 0 | BC77: =-Q77*AB77 -> 0 | BD77: =-Q77*AC77 -> 0 | BE77: =-Q77/8*AD77 -> 0 | BF77: =-Q77*AE77 -> 0 | BG77: =+Q77*AF77 -> 0 | BH77: =-Q77*AG77 -> 0 | BI77: =+Q77*AI77 -> 0 | BJ77: =+Q77*AH77 -> 0 | BK77: =+Q77*AJ77 -> 0 | BL77: =+(P77*O77)/25*(U77+V77+W77-Z77-AB77-AC77-AD77-AE77+AF77-AG77) -> 45605.808 | BM77: =+$BM$15/25*(U77+V77+Y77+AF77+AH77+AI77)*0 -> 0 | BP77: =+M77*(AU77+AH77+AI77) -> 0 | BS77: =+$BS$15*AM77 -> 0 | BT77: =+$BT$15*AN77 -> 0 | BU77: =+$BU$15*AO77 -> 0 | BV77: =+$BV$15*AP77 -> 0 | CA77: =+IF(H77>59,+SUM(AV77:BX77)*138.92%,0) -> 0 | CB77: =SUM(AV77:CA77) -> 235630.01 | CE77: =-MIN(CB77,$CC$12)*$CD$15 -> -7068.9002 | CF77: =-IF(E77="FOTIA",(CB77-AZ77)*1%,(CB77-AZ77)*1.5%) -> -3534.4501 | CI77: =+IF(H77>59,0,(CB77*138.92%)) -> 327337.21 | CJ77: =-MIN(CI77,$CC$12)*$CD$15 -> -9820.1162 | CK77: =-IF(E77="FOTIA",(CI77-BE77)*1%,(CI77-BE77)*1.5%) -> -4910.0581 | CL77: 0 | CN77: 0 | CZ77: =-SUM(CB77+CC77+CD77+CE77+CF77)*I77 -> 0 | DA77: =-SUM(CB77+CC77+CD77+CE77+CF77+CI77+CJ77+CK77)*J77 -> 0 | DB77: =SUM(CB77:DA77) -> 537633.69 | DC77: =ROUND(DB77,0) -> 537634 | DE77: =+DD77-DC77 -> -537634
A78: =500000+B78 -> 509848 | B78: 9848 | C78: CAMPO | D78: MUÑOZ FERNANDO FEDERICO | E78: FOTIA | F78: 0 | J78: 0.15 | K78: Q02 | O78: 0 | P78: =+VLOOKUP(K78,$W$4:$AC$11,5,0) -> 5401.236 | Q78: =+VLOOKUP(K78,$W$4:$Z$11,2,0) -> 18004.12 | R78: =+VLOOKUP(K78,$W$4:$Y$11,3,0) -> 25011.121 | T78: 11 | U78: =+T78 -> 11 | V78: 0 | W78: 1 | X78: 0 | Y78: 0 | Z78: 0 | AA78: 0 | AB78: 0 | AC78: 0 | AD78: 0 | AE78: 0 | AF78: 0 | AG78: 0 | AH78: 0 | AI78: 0 | AJ78: 0 | AK78: 0 | AL78: 0 | AM78: 0 | AN78: 0 | AO78: 0 | AP78: 0 | AQ78: 0 | AR78: 0 | AS78: 0 | AT78: 0 | AU78: =+U78+V78+W78+Y78-Z78-AB78-AC78-AD78-AE78+AF78-AG78+AJ78 -> 12 | AV78: =+Q78*U78 -> 198045.32 | AW78: =+Q78*V78 -> 0 | AX78: =+Q78*W78 -> 18004.12 | AY78: =+Q78*X78 -> 0 | AZ78: =+(Q78*1.0833*Y78)+((P78*O78)/25*Y78) -> 0 | BA78: =-Q78/8*Z78 -> 0 | BB78: =+Q78/8*AA78 -> 0 | BC78: =-Q78*AB78 -> 0 | BD78: =-Q78*AC78 -> 0 | BE78: =-Q78/8*AD78 -> 0 | BF78: =-Q78*AE78 -> 0 | BG78: =+Q78*AF78 -> 0 | BH78: =-Q78*AG78 -> 0 | BI78: =+Q78*AI78 -> 0 | BJ78: =+Q78*AH78 -> 0 | BK78: =+Q78*AJ78 -> 0 | BL78: =+(P78*O78)/25*(U78+V78+W78-Z78-AB78-AC78-AD78-AE78+AF78-AG78) -> 0 | BM78: =+$BM$15/25*(U78+V78+Y78+AF78+AH78+AI78)*0 -> 0 | BP78: =+M78*(AU78+AH78+AI78) -> 0 | BS78: =+$BS$15*AM78 -> 0 | BT78: =+$BT$15*AN78 -> 0 | BU78: =+$BU$15*AO78 -> 0 | BV78: =+$BV$15*AP78 -> 0 | CA78: =+IF(H78>59,+SUM(AV78:BX78)*138.92%,0) -> 0 | CB78: =SUM(AV78:CA78) -> 216049.44 | CE78: =-MIN(CB78,$CC$12)*$CD$15 -> -6481.4832 | CF78: =-IF(E78="FOTIA",(CB78-AZ78)*1%,(CB78-AZ78)*1.5%) -> -2160.4944 | CI78: =+IF(H78>59,0,(CB78*138.92%)) -> 300135.88 | CJ78: =-MIN(CI78,$CC$12)*$CD$15 -> -9004.0765 | CK78: =-IF(E78="FOTIA",(CI78-BE78)*1%,(CI78-BE78)*1.5%) -> -3001.3588 | CL78: 0 | CN78: 0 | CZ78: =-SUM(CB78+CC78+CD78+CE78+CF78)*I78 -> 0 | DA78: =-SUM(CB78+CC78+CD78+CE78+CF78+CI78+CJ78+CK78)*J78 -> -74330.686 | DB78: =SUM(CB78:DA78) -> 421207.22 | DC78: =ROUND(DB78,0) -> 421207 | DE78: =+DD78-DC78 -> -421207
A79: =500000+B79 -> 509704 | B79: 9704 | C79: CAMPO | D79: NIETO JORGE LUIS | E79: FEIA | F79: 3 | K79: Q04 | O79: 9 | P79: =+VLOOKUP(K79,$W$4:$AC$11,5,0) -> 5700.726 | Q79: =+VLOOKUP(K79,$W$4:$Z$11,2,0) -> 19002.42 | R79: =+VLOOKUP(K79,$W$4:$Y$11,3,0) -> 26397.964 | T79: 0 | U79: =+T79 -> 0 | V79: 0 | W79: 0 | X79: 0 | Y79: 0 | Z79: 0 | AA79: 0 | AB79: 0 | AC79: 0 | AD79: 0 | AE79: 0 | AF79: 0 | AG79: 0 | AH79: 0 | AI79: 0 | AJ79: 0 | AK79: 0 | AL79: 0 | AM79: 0 | AN79: 0 | AO79: 0 | AP79: 0 | AQ79: 0 | AR79: 0 | AS79: 0 | AT79: 0 | AU79: =+U79+V79+W79+Y79-Z79-AB79-AC79-AD79-AE79+AF79-AG79+AJ79 -> 0 | AV79: =+Q79*U79 -> 0 | AW79: =+Q79*V79 -> 0 | AX79: =+Q79*W79 -> 0 | AY79: =+Q79*X79 -> 0 | AZ79: =+(Q79*1.0833*Y79)+((P79*O79)/25*Y79) -> 0 | BA79: =-Q79/8*Z79 -> 0 | BB79: =+Q79/8*AA79 -> 0 | BC79: =-Q79*AB79 -> 0 | BD79: =-Q79*AC79 -> 0 | BE79: =-Q79/8*AD79 -> 0 | BF79: =-Q79*AE79 -> 0 | BG79: =+Q79*AF79 -> 0 | BH79: =-Q79*AG79 -> 0 | BI79: =+Q79*AI79 -> 0 | BJ79: =+Q79*AH79 -> 0 | BK79: =+Q79*AJ79 -> 0 | BL79: =+(P79*O79)/25*(U79+V79+W79-Z79-AB79-AC79-AD79-AE79+AF79-AG79) -> 0 | BM79: =+$BM$15/25*(U79+V79+Y79+AF79+AH79+AI79)*0 -> 0 | BP79: =+M79*(AU79+AH79+AI79) -> 0 | BS79: =+$BS$15*AM79 -> 0 | BT79: =+$BT$15*AN79 -> 0 | BU79: =+$BU$15*AO79 -> 0 | BV79: =+$BV$15*AP79 -> 0 | CA79: =+IF(H79>59,+SUM(AV79:BX79)*138.92%,0) -> 0 | CB79: =SUM(AV79:CA79) -> 0 | CE79: =-MIN(CB79,$CC$12)*$CD$15 -> 0 | CF79: =-IF(E79="FOTIA",(CB79-AZ79)*1%,(CB79-AZ79)*1.5%) -> 0 | CI79: =+IF(H79>59,0,(CB79*138.92%)) -> 0 | CJ79: =-MIN(CI79,$CC$12)*$CD$15 -> 0 | CK79: =-IF(E79="FOTIA",(CI79-BE79)*1%,(CI79-BE79)*1.5%) -> 0 | CL79: 0 | CN79: 0 | CZ79: =-SUM(CB79+CC79+CD79+CE79+CF79)*I79 -> 0 | DA79: =-SUM(CB79+CC79+CD79+CE79+CF79+CI79+CJ79+CK79)*J79 -> 0 | DB79: =SUM(CB79:DA79) -> 0 | DC79: =ROUND(DB79,0) -> 0 | DE79: =+DD79-DC79 -> 0
A80: =500000+B80 -> 509647 | B80: 9647 | C80: CAMPO | D80: NUÑEZ HECTOR JAVIER | E80: FEIA | F80: 0 | K80: Q02 | O80: 8 | P80: =+VLOOKUP(K80,$W$4:$AC$11,5,0) -> 5401.236 | Q80: =+VLOOKUP(K80,$W$4:$Z$11,2,0) -> 18004.12 | R80: =+VLOOKUP(K80,$W$4:$Y$11,3,0) -> 25011.121 | T80: 7 | U80: =+T80 -> 7 | V80: 0 | W80: 0 | X80: 0 | Y80: 0 | Z80: 0 | AA80: 0 | AB80: 0 | AC80: 0 | AD80: 0 | AE80: 0 | AF80: 0 | AG80: 0 | AH80: 0 | AI80: 0 | AJ80: 0 | AK80: 0 | AL80: 0 | AM80: 0 | AN80: 0 | AO80: 0 | AP80: 0 | AQ80: 0 | AR80: 0 | AS80: 0 | AT80: 0 | AU80: =+U80+V80+W80+Y80-Z80-AB80-AC80-AD80-AE80+AF80-AG80+AJ80 -> 7 | AV80: =+Q80*U80 -> 126028.84 | AW80: =+Q80*V80 -> 0 | AX80: =+Q80*W80 -> 0 | AY80: =+Q80*X80 -> 0 | AZ80: =+(Q80*1.0833*Y80)+((P80*O80)/25*Y80) -> 0 | BA80: =-Q80/8*Z80 -> 0 | BB80: =+Q80/8*AA80 -> 0 | BC80: =-Q80*AB80 -> 0 | BD80: =-Q80*AC80 -> 0 | BE80: =-Q80/8*AD80 -> 0 | BF80: =-Q80*AE80 -> 0 | BG80: =+Q80*AF80 -> 0 | BH80: =-Q80*AG80 -> 0 | BI80: =+Q80*AI80 -> 0 | BJ80: =+Q80*AH80 -> 0 | BK80: =+Q80*AJ80 -> 0 | BL80: =+(P80*O80)/25*(U80+V80+W80-Z80-AB80-AC80-AD80-AE80+AF80-AG80) -> 12098.769 | BM80: =+$BM$15/25*(U80+V80+Y80+AF80+AH80+AI80)*0 -> 0 | BP80: =+M80*(AU80+AH80+AI80) -> 0 | BS80: =+$BS$15*AM80 -> 0 | BT80: =+$BT$15*AN80 -> 0 | BU80: =+$BU$15*AO80 -> 0 | BV80: =+$BV$15*AP80 -> 0 | CA80: =+IF(H80>59,+SUM(AV80:BX80)*138.92%,0) -> 0 | CB80: =SUM(AV80:CA80) -> 138127.61 | CE80: =-MIN(CB80,$CC$12)*$CD$15 -> -4143.8283 | CF80: =-IF(E80="FOTIA",(CB80-AZ80)*1%,(CB80-AZ80)*1.5%) -> -2071.9141 | CI80: =+IF(H80>59,0,(CB80*138.92%)) -> 191886.87 | CJ80: =-MIN(CI80,$CC$12)*$CD$15 -> -5756.6062 | CK80: =-IF(E80="FOTIA",(CI80-BE80)*1%,(CI80-BE80)*1.5%) -> -2878.3031 | CL80: 0 | CN80: 0 | CZ80: =-SUM(CB80+CC80+CD80+CE80+CF80)*I80 -> 0 | DA80: =-SUM(CB80+CC80+CD80+CE80+CF80+CI80+CJ80+CK80)*J80 -> 0 | DB80: =SUM(CB80:DA80) -> 315163.83 | DC80: =ROUND(DB80,0) -> 315164 | DE80: =+DD80-DC80 -> -315164
A81: =500000+B81 -> 509637 | B81: 9637 | C81: CAMPO | D81: NUÑEZ JUAN PABLO | E81: FEIA | F81: 3 | I81: 0.2 | K81: Q04 | O81: 10 | P81: =+VLOOKUP(K81,$W$4:$AC$11,5,0) -> 5700.726 | Q81: =+VLOOKUP(K81,$W$4:$Z$11,2,0) -> 19002.42 | R81: =+VLOOKUP(K81,$W$4:$Y$11,3,0) -> 26397.964 | T81: 6 | U81: =+T81 -> 6 | V81: 0 | W81: 0 | X81: 0 | Y81: 0 | Z81: 0 | AA81: 0 | AB81: 0 | AC81: 0 | AD81: 0 | AE81: 0 | AF81: 0 | AG81: 0 | AH81: 0 | AI81: 0 | AJ81: 0 | AK81: 0 | AL81: 0 | AM81: 0 | AN81: 0 | AO81: 0 | AP81: 0 | AQ81: 0 | AR81: 0 | AS81: 0 | AT81: 0 | AU81: =+U81+V81+W81+Y81-Z81-AB81-AC81-AD81-AE81+AF81-AG81+AJ81 -> 6 | AV81: =+Q81*U81 -> 114014.52 | AW81: =+Q81*V81 -> 0 | AX81: =+Q81*W81 -> 0 | AY81: =+Q81*X81 -> 0 | AZ81: =+(Q81*1.0833*Y81)+((P81*O81)/25*Y81) -> 0 | BA81: =-Q81/8*Z81 -> 0 | BB81: =+Q81/8*AA81 -> 0 | BC81: =-Q81*AB81 -> 0 | BD81: =-Q81*AC81 -> 0 | BE81: =-Q81/8*AD81 -> 0 | BF81: =-Q81*AE81 -> 0 | BG81: =+Q81*AF81 -> 0 | BH81: =-Q81*AG81 -> 0 | BI81: =+Q81*AI81 -> 0 | BJ81: =+Q81*AH81 -> 0 | BK81: =+Q81*AJ81 -> 0 | BL81: =+(P81*O81)/25*(U81+V81+W81-Z81-AB81-AC81-AD81-AE81+AF81-AG81) -> 13681.742 | BM81: =+$BM$15/25*(U81+V81+Y81+AF81+AH81+AI81)*0 -> 0 | BP81: =+M81*(AU81+AH81+AI81) -> 0 | BS81: =+$BS$15*AM81 -> 0 | BT81: =+$BT$15*AN81 -> 0 | BU81: =+$BU$15*AO81 -> 0 | BV81: =+$BV$15*AP81 -> 0 | CA81: =+IF(H81>59,+SUM(AV81:BX81)*138.92%,0) -> 0 | CB81: =SUM(AV81:CA81) -> 127696.26 | CE81: =-MIN(CB81,$CC$12)*$CD$15 -> -3830.8879 | CF81: =-IF(E81="FOTIA",(CB81-AZ81)*1%,(CB81-AZ81)*1.5%) -> -1915.4439 | CI81: =+IF(H81>59,0,(CB81*138.92%)) -> 177395.65 | CJ81: =-MIN(CI81,$CC$12)*$CD$15 -> -5321.8694 | CK81: =-IF(E81="FOTIA",(CI81-BE81)*1%,(CI81-BE81)*1.5%) -> -2660.9347 | CL81: 0 | CN81: 0 | CZ81: =-SUM(CB81+CC81+CD81+CE81+CF81)*I81 -> -24389.986 | DA81: =-SUM(CB81+CC81+CD81+CE81+CF81+CI81+CJ81+CK81)*J81 -> 0 | DB81: =SUM(CB81:DA81) -> 266972.79 | DC81: =ROUND(DB81,0) -> 266973 | DE81: =+DD81-DC81 -> -266973
A82: =500000+B82 -> 509636 | B82: 9636 | C82: CAMPO | D82: OGAS JULIO ISIDRO | E82: FEIA | F82: 3 | K82: Q04 | O82: 9 | P82: =+VLOOKUP(K82,$W$4:$AC$11,5,0) -> 5700.726 | Q82: =+VLOOKUP(K82,$W$4:$Z$11,2,0) -> 19002.42 | R82: =+VLOOKUP(K82,$W$4:$Y$11,3,0) -> 26397.964 | T82: 7 | U82: =+T82 -> 7 | V82: 0 | W82: 0 | X82: 0 | Y82: 0 | Z82: 0 | AA82: 0 | AB82: 0 | AC82: 0 | AD82: 0 | AE82: 0 | AF82: 0 | AG82: 0 | AH82: 0 | AI82: 0 | AJ82: 0 | AK82: 0 | AL82: 0 | AM82: 0 | AN82: 0 | AO82: 0 | AP82: 0 | AQ82: 0 | AR82: 0 | AS82: 0 | AT82: 0 | AU82: =+U82+V82+W82+Y82-Z82-AB82-AC82-AD82-AE82+AF82-AG82+AJ82 -> 7 | AV82: =+Q82*U82 -> 133016.94 | AW82: =+Q82*V82 -> 0 | AX82: =+Q82*W82 -> 0 | AY82: =+Q82*X82 -> 0 | AZ82: =+(Q82*1.0833*Y82)+((P82*O82)/25*Y82) -> 0 | BA82: =-Q82/8*Z82 -> 0 | BB82: =+Q82/8*AA82 -> 0 | BC82: =-Q82*AB82 -> 0 | BD82: =-Q82*AC82 -> 0 | BE82: =-Q82/8*AD82 -> 0 | BF82: =-Q82*AE82 -> 0 | BG82: =+Q82*AF82 -> 0 | BH82: =-Q82*AG82 -> 0 | BI82: =+Q82*AI82 -> 0 | BJ82: =+Q82*AH82 -> 0 | BK82: =+Q82*AJ82 -> 0 | BL82: =+(P82*O82)/25*(U82+V82+W82-Z82-AB82-AC82-AD82-AE82+AF82-AG82) -> 14365.83 | BM82: =+$BM$15/25*(U82+V82+Y82+AF82+AH82+AI82)*0 -> 0 | BP82: =+M82*(AU82+AH82+AI82) -> 0 | BS82: =+$BS$15*AM82 -> 0 | BT82: =+$BT$15*AN82 -> 0 | BU82: =+$BU$15*AO82 -> 0 | BV82: =+$BV$15*AP82 -> 0 | CA82: =+IF(H82>59,+SUM(AV82:BX82)*138.92%,0) -> 0 | CB82: =SUM(AV82:CA82) -> 147382.77 | CE82: =-MIN(CB82,$CC$12)*$CD$15 -> -4421.4831 | CF82: =-IF(E82="FOTIA",(CB82-AZ82)*1%,(CB82-AZ82)*1.5%) -> -2210.7415 | CI82: =+IF(H82>59,0,(CB82*138.92%)) -> 204744.14 | CJ82: =-MIN(CI82,$CC$12)*$CD$15 -> -6142.3243 | CK82: =-IF(E82="FOTIA",(CI82-BE82)*1%,(CI82-BE82)*1.5%) -> -3071.1622 | CL82: 0 | CN82: 0 | CZ82: =-SUM(CB82+CC82+CD82+CE82+CF82)*I82 -> 0 | DA82: =-SUM(CB82+CC82+CD82+CE82+CF82+CI82+CJ82+CK82)*J82 -> 0 | DB82: =SUM(CB82:DA82) -> 336281.2 | DC82: =ROUND(DB82,0) -> 336281 | DE82: =+DD82-DC82 -> -336281
A83: =500000+B83 -> 509873 | B83: 9873 | C83: CAMPO | D83: OGAS LUIS | E83: FEIA | F83: 0 | K83: Q04 | O83: 0 | P83: =+VLOOKUP(K83,$W$4:$AC$11,5,0) -> 5700.726 | Q83: =+VLOOKUP(K83,$W$4:$Z$11,2,0) -> 19002.42 | R83: =+VLOOKUP(K83,$W$4:$Y$11,3,0) -> 26397.964 | T83: 7 | U83: =+T83 -> 7 | V83: 0 | W83: 0 | X83: 0 | Y83: 0 | Z83: 0 | AA83: 0 | AB83: 0 | AC83: 0 | AD83: 0 | AE83: 0 | AF83: 0 | AG83: 0 | AH83: 0 | AI83: 0 | AJ83: 0 | AK83: 0 | AL83: 0 | AM83: 0 | AN83: 0 | AO83: 0 | AP83: 0 | AQ83: 0 | AR83: 0 | AS83: 0 | AT83: 0 | AU83: =+U83+V83+W83+Y83-Z83-AB83-AC83-AD83-AE83+AF83-AG83+AJ83 -> 7 | AV83: =+Q83*U83 -> 133016.94 | AW83: =+Q83*V83 -> 0 | AX83: =+Q83*W83 -> 0 | AY83: =+Q83*X83 -> 0 | AZ83: =+(Q83*1.0833*Y83)+((P83*O83)/25*Y83) -> 0 | BA83: =-Q83/8*Z83 -> 0 | BB83: =+Q83/8*AA83 -> 0 | BC83: =-Q83*AB83 -> 0 | BD83: =-Q83*AC83 -> 0 | BE83: =-Q83/8*AD83 -> 0 | BF83: =-Q83*AE83 -> 0 | BG83: =+Q83*AF83 -> 0 | BH83: =-Q83*AG83 -> 0 | BI83: =+Q83*AI83 -> 0 | BJ83: =+Q83*AH83 -> 0 | BK83: =+Q83*AJ83 -> 0 | BL83: =+(P83*O83)/25*(U83+V83+W83-Z83-AB83-AC83-AD83-AE83+AF83-AG83) -> 0 | BM83: =+$BM$15/25*(U83+V83+Y83+AF83+AH83+AI83)*0 -> 0 | BP83: =+M83*(AU83+AH83+AI83) -> 0 | BS83: =+$BS$15*AM83 -> 0 | BT83: =+$BT$15*AN83 -> 0 | BU83: =+$BU$15*AO83 -> 0 | BV83: =+$BV$15*AP83 -> 0 | CA83: =+IF(H83>59,+SUM(AV83:BX83)*138.92%,0) -> 0 | CB83: =SUM(AV83:CA83) -> 133016.94 | CE83: =-MIN(CB83,$CC$12)*$CD$15 -> -3990.5082 | CF83: =-IF(E83="FOTIA",(CB83-AZ83)*1%,(CB83-AZ83)*1.5%) -> -1995.2541 | CI83: =+IF(H83>59,0,(CB83*138.92%)) -> 184787.13 | CJ83: =-MIN(CI83,$CC$12)*$CD$15 -> -5543.614 | CK83: =-IF(E83="FOTIA",(CI83-BE83)*1%,(CI83-BE83)*1.5%) -> -2771.807 | CL83: 0 | CN83: 0 | DB83: =SUM(CB83:DA83) -> 303502.89 | DC83: =ROUND(DB83,0) -> 303503 | DE83: =+DD83-DC83 -> -303503
A84: =500000+B84 -> 509796 | B84: 9796 | C84: CAMPO | D84: OLIVERA ANDRES MAXIMILIANO | E84: FOTIA | F84: 0 | K84: Q02 | O84: 3 | P84: =+VLOOKUP(K84,$W$4:$AC$11,5,0) -> 5401.236 | Q84: =+VLOOKUP(K84,$W$4:$Z$11,2,0) -> 18004.12 | R84: =+VLOOKUP(K84,$W$4:$Y$11,3,0) -> 25011.121 | T84: 6 | U84: =+T84 -> 6 | V84: 0 | W84: 0 | X84: 0 | Y84: 0 | Z84: 0 | AA84: 0 | AB84: 0 | AC84: 0 | AD84: 0 | AE84: 0 | AF84: 0 | AG84: 0 | AH84: 0 | AI84: 0 | AJ84: 0 | AK84: 0 | AL84: 0 | AM84: 0 | AN84: 0 | AO84: 0 | AP84: 0 | AQ84: 0 | AR84: 0 | AS84: 0 | AT84: 0 | AU84: =+U84+V84+W84+Y84-Z84-AB84-AC84-AD84-AE84+AF84-AG84+AJ84 -> 6 | AV84: =+Q84*U84 -> 108024.72 | AW84: =+Q84*V84 -> 0 | AX84: =+Q84*W84 -> 0 | AY84: =+Q84*X84 -> 0 | AZ84: =+(Q84*1.0833*Y84)+((P84*O84)/25*Y84) -> 0 | BA84: =-Q84/8*Z84 -> 0 | BB84: =+Q84/8*AA84 -> 0 | BC84: =-Q84*AB84 -> 0 | BD84: =-Q84*AC84 -> 0 | BE84: =-Q84/8*AD84 -> 0 | BF84: =-Q84*AE84 -> 0 | BG84: =+Q84*AF84 -> 0 | BH84: =-Q84*AG84 -> 0 | BI84: =+Q84*AI84 -> 0 | BJ84: =+Q84*AH84 -> 0 | BK84: =+Q84*AJ84 -> 0 | BL84: =+(P84*O84)/25*(U84+V84+W84-Z84-AB84-AC84-AD84-AE84+AF84-AG84) -> 3888.8899 | BM84: =+$BM$15/25*(U84+V84+Y84+AF84+AH84+AI84)*0 -> 0 | BP84: =+M84*(AU84+AH84+AI84) -> 0 | BS84: =+$BS$15*AM84 -> 0 | BT84: =+$BT$15*AN84 -> 0 | BU84: =+$BU$15*AO84 -> 0 | BV84: =+$BV$15*AP84 -> 0 | CA84: =+IF(H84>59,+SUM(AV84:BX84)*138.92%,0) -> 0 | CB84: =SUM(AV84:CA84) -> 111913.61 | CE84: =-MIN(CB84,$CC$12)*$CD$15 -> -3357.4083 | CF84: =-IF(E84="FOTIA",(CB84-AZ84)*1%,(CB84-AZ84)*1.5%) -> -1119.1361 | CI84: =+IF(H84>59,0,(CB84*138.92%)) -> 155470.39 | CJ84: =-MIN(CI84,$CC$12)*$CD$15 -> -4664.1116 | CK84: =-IF(E84="FOTIA",(CI84-BE84)*1%,(CI84-BE84)*1.5%) -> -1554.7039 | CL84: 0 | CN84: 0 | CZ84: =-SUM(CB84+CC84+CD84+CE84+CF84)*I84 -> 0 | DA84: =-SUM(CB84+CC84+CD84+CE84+CF84+CI84+CJ84+CK84)*J84 -> 0 | DB84: =SUM(CB84:DA84) -> 256688.64 | DC84: =ROUND(DB84,0) -> 256689 | DE84: =+DD84-DC84 -> -256689
A85: =500000+B85 -> 509754 | B85: 9754 | C85: CAMPO | D85: ORELLANA FRANCO MICAEL | E85: FOTIA | F85: 0 | K85: Q02 | O85: 0 | P85: =+VLOOKUP(K85,$W$4:$AC$11,5,0) -> 5401.236 | Q85: =+VLOOKUP(K85,$W$4:$Z$11,2,0) -> 18004.12 | R85: =+VLOOKUP(K85,$W$4:$Y$11,3,0) -> 25011.121 | T85: 0 | U85: =+T85 -> 0 | V85: 0 | W85: 0 | X85: 0 | Y85: 0 | Z85: 0 | AA85: 0 | AB85: 0 | AC85: 0 | AD85: 0 | AE85: 0 | AF85: 0 | AG85: 0 | AH85: 0 | AI85: 0 | AJ85: 0 | AK85: 0 | AL85: 0 | AM85: 0 | AN85: 0 | AO85: 0 | AP85: 0 | AQ85: 0 | AR85: 0 | AS85: 0 | AT85: 0 | AU85: =+U85+V85+W85+Y85-Z85-AB85-AC85-AD85-AE85+AF85-AG85+AJ85 -> 0 | AV85: =+Q85*U85 -> 0 | AW85: =+Q85*V85 -> 0 | AX85: =+Q85*W85 -> 0 | AY85: =+Q85*X85 -> 0 | AZ85: =+(Q85*1.0833*Y85)+((P85*O85)/25*Y85) -> 0 | BA85: =-Q85/8*Z85 -> 0 | BB85: =+Q85/8*AA85 -> 0 | BC85: =-Q85*AB85 -> 0 | BD85: =-Q85*AC85 -> 0 | BE85: =-Q85/8*AD85 -> 0 | BF85: =-Q85*AE85 -> 0 | BG85: =+Q85*AF85 -> 0 | BH85: =-Q85*AG85 -> 0 | BI85: =+Q85*AI85 -> 0 | BJ85: =+Q85*AH85 -> 0 | BK85: =+Q85*AJ85 -> 0 | BL85: =+(P85*O85)/25*(U85+V85+W85-Z85-AB85-AC85-AD85-AE85+AF85-AG85) -> 0 | BM85: =+$BM$15/25*(U85+V85+Y85+AF85+AH85+AI85)*0 -> 0 | BP85: =+M85*(AU85+AH85+AI85) -> 0 | BS85: =+$BS$15*AM85 -> 0 | BT85: =+$BT$15*AN85 -> 0 | BU85: =+$BU$15*AO85 -> 0 | BV85: =+$BV$15*AP85 -> 0 | CA85: =+IF(H85>59,+SUM(AV85:BX85)*138.92%,0) -> 0 | CB85: =SUM(AV85:CA85) -> 0 | CE85: =-MIN(CB85,$CC$12)*$CD$15 -> 0 | CF85: =-IF(E85="FOTIA",(CB85-AZ85)*1%,(CB85-AZ85)*1.5%) -> 0 | CI85: =+IF(H85>59,0,(CB85*138.92%)) -> 0 | CJ85: =-MIN(CI85,$CC$12)*$CD$15 -> 0 | CK85: =-IF(E85="FOTIA",(CI85-BE85)*1%,(CI85-BE85)*1.5%) -> 0 | CL85: 0 | CN85: 0 | CZ85: =-SUM(CB85+CC85+CD85+CE85+CF85)*I85 -> 0 | DA85: =-SUM(CB85+CC85+CD85+CE85+CF85+CI85+CJ85+CK85)*J85 -> 0 | DB85: =SUM(CB85:DA85) -> 0 | DC85: =ROUND(DB85,0) -> 0 | DE85: =+DD85-DC85 -> 0
A86: =500000+B86 -> 509706 | B86: 9706 | C86: CAMPO | D86: ORONA VICTOR GONZALO | E86: FEIA | F86: 3 | J86: 0.2 | K86: Q02 | O86: 11 | P86: =+VLOOKUP(K86,$W$4:$AC$11,5,0) -> 5401.236 | Q86: =+VLOOKUP(K86,$W$4:$Z$11,2,0) -> 18004.12 | R86: =+VLOOKUP(K86,$W$4:$Y$11,3,0) -> 25011.121 | T86: 0 | U86: =+T86 -> 0 | V86: 0 | W86: 0 | X86: 0 | Y86: 0 | Z86: 0 | AA86: 0 | AB86: 0 | AC86: 0 | AD86: 0 | AE86: 0 | AF86: 0 | AG86: 0 | AH86: 0 | AI86: 0 | AJ86: 0 | AK86: 0 | AL86: 0 | AM86: 0 | AN86: 0 | AO86: 0 | AP86: 0 | AQ86: 0 | AR86: 0 | AS86: 0 | AT86: 0 | AU86: =+U86+V86+W86+Y86-Z86-AB86-AC86-AD86-AE86+AF86-AG86+AJ86 -> 0 | AV86: =+Q86*U86 -> 0 | AW86: =+Q86*V86 -> 0 | AX86: =+Q86*W86 -> 0 | AY86: =+Q86*X86 -> 0 | AZ86: =+(Q86*1.0833*Y86)+((P86*O86)/25*Y86) -> 0 | BA86: =-Q86/8*Z86 -> 0 | BB86: =+Q86/8*AA86 -> 0 | BC86: =-Q86*AB86 -> 0 | BD86: =-Q86*AC86 -> 0 | BE86: =-Q86/8*AD86 -> 0 | BF86: =-Q86*AE86 -> 0 | BG86: =+Q86*AF86 -> 0 | BH86: =-Q86*AG86 -> 0 | BI86: =+Q86*AI86 -> 0 | BJ86: =+Q86*AH86 -> 0 | BK86: =+Q86*AJ86 -> 0 | BL86: =+(P86*O86)/25*(U86+V86+W86-Z86-AB86-AC86-AD86-AE86+AF86-AG86) -> 0 | BM86: =+$BM$15/25*(U86+V86+Y86+AF86+AH86+AI86)*0 -> 0 | BP86: =+M86*(AU86+AH86+AI86) -> 0 | BS86: =+$BS$15*AM86 -> 0 | BT86: =+$BT$15*AN86 -> 0 | BU86: =+$BU$15*AO86 -> 0 | BV86: =+$BV$15*AP86 -> 0 | CA86: =+IF(H86>59,+SUM(AV86:BX86)*138.92%,0) -> 0 | CB86: =SUM(AV86:CA86) -> 0 | CE86: =-MIN(CB86,$CC$12)*$CD$15 -> 0 | CF86: =-IF(E86="FOTIA",(CB86-AZ86)*1%,(CB86-AZ86)*1.5%) -> 0 | CI86: =+IF(H86>59,0,(CB86*138.92%)) -> 0 | CJ86: =-MIN(CI86,$CC$12)*$CD$15 -> 0 | CK86: =-IF(E86="FOTIA",(CI86-BE86)*1%,(CI86-BE86)*1.5%) -> 0 | CL86: 0 | CN86: 0 | CZ86: =-SUM(CB86+CC86+CD86+CE86+CF86)*I86 -> 0 | DA86: =-SUM(CB86+CC86+CD86+CE86+CF86+CI86+CJ86+CK86)*J86 -> 0 | DB86: =SUM(CB86:DA86) -> 0 | DC86: =ROUND(DB86,0) -> 0 | DE86: =+DD86-DC86 -> 0
A87: =500000+B87 -> 509635 | B87: 9635 | C87: CAMPO | D87: POL JUAN FRANCISCO | E87: FOTIA | F87: 0 | H87: 62 | K87: Q06 | O87: 28 | P87: =+VLOOKUP(K87,$W$4:$AC$11,5,0) -> 6031.224 | Q87: =+VLOOKUP(K87,$W$4:$Z$11,2,0) -> 20104.08 | R87: =+VLOOKUP(K87,$W$4:$Y$11,3,0) -> 27928.38 | T87: 0 | U87: =+T87 -> 0 | V87: 0 | W87: 0 | X87: 0 | Y87: 0 | Z87: 0 | AA87: 0 | AB87: 0 | AC87: 0 | AD87: 0 | AE87: 0 | AF87: 0 | AG87: 0 | AH87: 0 | AI87: 0 | AJ87: 0 | AK87: 0 | AL87: 0 | AM87: 0 | AN87: 0 | AO87: 0 | AP87: 0 | AQ87: 0 | AR87: 0 | AS87: 0 | AT87: 0 | AU87: =+U87+V87+W87+Y87-Z87-AB87-AC87-AD87-AE87+AF87-AG87+AJ87 -> 0 | AV87: =+Q87*U87 -> 0 | AW87: =+Q87*V87 -> 0 | AX87: =+Q87*W87 -> 0 | AY87: =+Q87*X87 -> 0 | AZ87: =+(Q87*1.0833*Y87)+((P87*O87)/25*Y87) -> 0 | BA87: =-Q87/8*Z87 -> 0 | BB87: =+Q87/8*AA87 -> 0 | BC87: =-Q87*AB87 -> 0 | BD87: =-Q87*AC87 -> 0 | BE87: =-Q87/8*AD87 -> 0 | BF87: =-Q87*AE87 -> 0 | BG87: =+Q87*AF87 -> 0 | BH87: =-Q87*AG87 -> 0 | BI87: =+Q87*AI87 -> 0 | BJ87: =+Q87*AH87 -> 0 | BK87: =+Q87*AJ87 -> 0 | BL87: =+(P87*O87)/25*(U87+V87+W87-Z87-AB87-AC87-AD87-AE87+AF87-AG87) -> 0 | BM87: =+$BM$15/25*(U87+V87+Y87+AF87+AH87+AI87)*0 -> 0 | BP87: =+M87*(AU87+AH87+AI87) -> 0 | BS87: =+$BS$15*AM87 -> 0 | BT87: =+$BT$15*AN87 -> 0 | BU87: =+$BU$15*AO87 -> 0 | BV87: =+$BV$15*AP87 -> 0 | CA87: =+IF(H87>59,+SUM(AV87:BX87)*138.92%,0) -> 0 | CB87: =SUM(AV87:CA87) -> 0 | CE87: =-MIN(CB87,$CC$12)*$CD$15 -> 0 | CF87: =-IF(E87="FOTIA",(CB87-AZ87)*1%,(CB87-AZ87)*1.5%) -> 0 | CI87: =+IF(H87>59,0,(CB87*138.92%)) -> 0 | CJ87: =-MIN(CI87,$CC$12)*$CD$15 -> 0 | CK87: =-IF(E87="FOTIA",(CI87-BE87)*1%,(CI87-BE87)*1.5%) -> 0 | CL87: 0 | CN87: 0 | CZ87: =-SUM(CB87+CC87+CD87+CE87+CF87)*I87 -> 0 | DA87: =-SUM(CB87+CC87+CD87+CE87+CF87+CI87+CJ87+CK87)*J87 -> 0 | DB87: =SUM(CB87:DA87) -> 0 | DC87: =ROUND(DB87,0) -> 0 | DE87: =+DD87-DC87 -> 0
A88: =500000+B88 -> 509742 | B88: 9742 | C88: CAMPO | D88: RODRIGUEZ MANUEL EDUARDO | E88: FOTIA | F88: 0 | K88: Q04 | O88: 3 | P88: =+VLOOKUP(K88,$W$4:$AC$11,5,0) -> 5700.726 | Q88: =+VLOOKUP(K88,$W$4:$Z$11,2,0) -> 19002.42 | R88: =+VLOOKUP(K88,$W$4:$Y$11,3,0) -> 26397.964 | T88: 0 | U88: =+T88 -> 0 | V88: 0 | W88: 0 | X88: 0 | Y88: 0 | Z88: 0 | AA88: 0 | AB88: 0 | AC88: 0 | AD88: 0 | AE88: 0 | AF88: 0 | AG88: 0 | AH88: 0 | AI88: 0 | AJ88: 0 | AK88: 0 | AL88: 0 | AM88: 0 | AN88: 0 | AO88: 0 | AP88: 0 | AQ88: 0 | AR88: 0 | AS88: 0 | AT88: 0 | AU88: =+U88+V88+W88+Y88-Z88-AB88-AC88-AD88-AE88+AF88-AG88+AJ88 -> 0 | AV88: =+Q88*U88 -> 0 | AW88: =+Q88*V88 -> 0 | AX88: =+Q88*W88 -> 0 | AY88: =+Q88*X88 -> 0 | AZ88: =+(Q88*1.0833*Y88)+((P88*O88)/25*Y88) -> 0 | BA88: =-Q88/8*Z88 -> 0 | BB88: =+Q88/8*AA88 -> 0 | BC88: =-Q88*AB88 -> 0 | BD88: =-Q88*AC88 -> 0 | BE88: =-Q88/8*AD88 -> 0 | BF88: =-Q88*AE88 -> 0 | BG88: =+Q88*AF88 -> 0 | BH88: =-Q88*AG88 -> 0 | BI88: =+Q88*AI88 -> 0 | BJ88: =+Q88*AH88 -> 0 | BK88: =+Q88*AJ88 -> 0 | BL88: =+(P88*O88)/25*(U88+V88+W88-Z88-AB88-AC88-AD88-AE88+AF88-AG88) -> 0 | BM88: =+$BM$15/25*(U88+V88+Y88+AF88+AH88+AI88)*0 -> 0 | BP88: =+M88*(AU88+AH88+AI88) -> 0 | BS88: =+$BS$15*AM88 -> 0 | BT88: =+$BT$15*AN88 -> 0 | BU88: =+$BU$15*AO88 -> 0 | BV88: =+$BV$15*AP88 -> 0 | CA88: =+IF(H88>59,+SUM(AV88:BX88)*138.92%,0) -> 0 | CB88: =SUM(AV88:CA88) -> 0 | CE88: =-MIN(CB88,$CC$12)*$CD$15 -> 0 | CF88: =-IF(E88="FOTIA",(CB88-AZ88)*1%,(CB88-AZ88)*1.5%) -> 0 | CI88: =+IF(H88>59,0,(CB88*138.92%)) -> 0 | CJ88: =-MIN(CI88,$CC$12)*$CD$15 -> 0 | CK88: =-IF(E88="FOTIA",(CI88-BE88)*1%,(CI88-BE88)*1.5%) -> 0 | CZ88: =-SUM(CB88+CC88+CD88+CE88+CF88)*I88 -> 0 | DA88: =-SUM(CB88+CC88+CD88+CE88+CF88+CI88+CJ88+CK88)*J88 -> 0 | DB88: =SUM(CB88:DA88) -> 0 | DC88: =ROUND(DB88,0) -> 0 | DE88: =+DD88-DC88 -> 0
A89: =500000+B89 -> 509745 | B89: 9745 | C89: CAMPO | D89: RODRIGUEZ MIGUEL RENE | E89: FOTIA | F89: 0 | K89: Q04 | O89: 4 | P89: =+VLOOKUP(K89,$W$4:$AC$11,5,0) -> 5700.726 | Q89: =+VLOOKUP(K89,$W$4:$Z$11,2,0) -> 19002.42 | R89: =+VLOOKUP(K89,$W$4:$Y$11,3,0) -> 26397.964 | T89: 0 | U89: =+T89 -> 0 | V89: 0 | W89: 0 | X89: 0 | Y89: 0 | Z89: 0 | AA89: 0 | AB89: 0 | AC89: 0 | AD89: 0 | AE89: 0 | AF89: 0 | AG89: 0 | AH89: 0 | AI89: 0 | AJ89: 0 | AK89: 0 | AL89: 0 | AM89: 0 | AN89: 0 | AO89: 0 | AP89: 0 | AQ89: 0 | AR89: 0 | AS89: 0 | AT89: 0 | AU89: =+U89+V89+W89+Y89-Z89-AB89-AC89-AD89-AE89+AF89-AG89+AJ89 -> 0 | AV89: =+Q89*U89 -> 0 | AW89: =+Q89*V89 -> 0 | AX89: =+Q89*W89 -> 0 | AY89: =+Q89*X89 -> 0 | AZ89: =+(Q89*1.0833*Y89)+((P89*O89)/25*Y89) -> 0 | BA89: =-Q89/8*Z89 -> 0 | BB89: =+Q89/8*AA89 -> 0 | BC89: =-Q89*AB89 -> 0 | BD89: =-Q89*AC89 -> 0 | BE89: =-Q89/8*AD89 -> 0 | BF89: =-Q89*AE89 -> 0 | BG89: =+Q89*AF89 -> 0 | BH89: =-Q89*AG89 -> 0 | BI89: =+Q89*AI89 -> 0 | BJ89: =+Q89*AH89 -> 0 | BK89: =+Q89*AJ89 -> 0 | BL89: =+(P89*O89)/25*(U89+V89+W89-Z89-AB89-AC89-AD89-AE89+AF89-AG89) -> 0 | BM89: =+$BM$15/25*(U89+V89+Y89+AF89+AH89+AI89)*0 -> 0 | BP89: =+M89*(AU89+AH89+AI89) -> 0 | BS89: =+$BS$15*AM89 -> 0 | BT89: =+$BT$15*AN89 -> 0 | BU89: =+$BU$15*AO89 -> 0 | BV89: =+$BV$15*AP89 -> 0 | CA89: =+IF(H89>59,+SUM(AV89:BX89)*138.92%,0) -> 0 | CB89: =SUM(AV89:CA89) -> 0 | CE89: =-MIN(CB89,$CC$12)*$CD$15 -> 0 | CF89: =-IF(E89="FOTIA",(CB89-AZ89)*1%,(CB89-AZ89)*1.5%) -> 0 | CI89: =+IF(H89>59,0,(CB89*138.92%)) -> 0 | CJ89: =-MIN(CI89,$CC$12)*$CD$15 -> 0 | CK89: =-IF(E89="FOTIA",(CI89-BE89)*1%,(CI89-BE89)*1.5%) -> 0 | CL89: 0 | CN89: 0 | CZ89: =-SUM(CB89+CC89+CD89+CE89+CF89)*I89 -> 0 | DA89: =-SUM(CB89+CC89+CD89+CE89+CF89+CI89+CJ89+CK89)*J89 -> 0 | DB89: =SUM(CB89:DA89) -> 0 | DC89: =ROUND(DB89,0) -> 0 | DE89: =+DD89-DC89 -> 0
A90: =500000+B90 -> 509710 | B90: 9710 | C90: CAMPO | D90: RODRIGUEZ RAMÓN ANTONIO | E90: FEIA | F90: 3 | I90: 0.3 | K90: Q04 | O90: 6 | P90: =+VLOOKUP(K90,$W$4:$AC$11,5,0) -> 5700.726 | Q90: =+VLOOKUP(K90,$W$4:$Z$11,2,0) -> 19002.42 | R90: =+VLOOKUP(K90,$W$4:$Y$11,3,0) -> 26397.964 | T90: 0 | U90: =+T90 -> 0 | V90: 0 | W90: 0 | X90: 0 | Y90: 0 | Z90: 0 | AA90: 0 | AB90: 0 | AC90: 0 | AD90: 0 | AE90: 0 | AF90: 0 | AG90: 0 | AH90: 0 | AI90: 0 | AJ90: 0 | AK90: 0 | AL90: 0 | AM90: 0 | AN90: 0 | AO90: 0 | AP90: 0 | AQ90: 0 | AR90: 0 | AS90: 0 | AT90: 0 | AU90: =+U90+V90+W90+Y90-Z90-AB90-AC90-AD90-AE90+AF90-AG90+AJ90 -> 0 | AV90: =+Q90*U90 -> 0 | AW90: =+Q90*V90 -> 0 | AX90: =+Q90*W90 -> 0 | AY90: =+Q90*X90 -> 0 | AZ90: =+(Q90*1.0833*Y90)+((P90*O90)/25*Y90) -> 0 | BA90: =-Q90/8*Z90 -> 0 | BB90: =+Q90/8*AA90 -> 0 | BC90: =-Q90*AB90 -> 0 | BD90: =-Q90*AC90 -> 0 | BE90: =-Q90/8*AD90 -> 0 | BF90: =-Q90*AE90 -> 0 | BG90: =+Q90*AF90 -> 0 | BH90: =-Q90*AG90 -> 0 | BI90: =+Q90*AI90 -> 0 | BJ90: =+Q90*AH90 -> 0 | BK90: =+Q90*AJ90 -> 0 | BL90: =+(P90*O90)/25*(U90+V90+W90-Z90-AB90-AC90-AD90-AE90+AF90-AG90) -> 0 | BM90: =+$BM$15/25*(U90+V90+Y90+AF90+AH90+AI90)*0 -> 0 | BP90: =+M90*(AU90+AH90+AI90) -> 0 | BS90: =+$BS$15*AM90 -> 0 | BT90: =+$BT$15*AN90 -> 0 | BU90: =+$BU$15*AO90 -> 0 | BV90: =+$BV$15*AP90 -> 0 | CA90: =+IF(H90>59,+SUM(AV90:BX90)*138.92%,0) -> 0 | CB90: =SUM(AV90:CA90) -> 0 | CE90: =-MIN(CB90,$CC$12)*$CD$15 -> 0 | CF90: =-IF(E90="FOTIA",(CB90-AZ90)*1%,(CB90-AZ90)*1.5%) -> 0 | CI90: =+IF(H90>59,0,(CB90*138.92%)) -> 0 | CJ90: =-MIN(CI90,$CC$12)*$CD$15 -> 0 | CK90: =-IF(E90="FOTIA",(CI90-BE90)*1%,(CI90-BE90)*1.5%) -> 0 | CL90: 0 | CN90: 0 | CZ90: =-SUM(CB90+CC90+CD90+CE90+CF90)*I90 -> 0 | DA90: =-SUM(CB90+CC90+CD90+CE90+CF90+CI90+CJ90+CK90)*J90 -> 0 | DB90: =SUM(CB90:DA90) -> 0 | DC90: =ROUND(DB90,0) -> 0 | DE90: =+DD90-DC90 -> 0
A91: =500000+B91 -> 509712 | B91: 9712 | C91: CAMPO | D91: ROJAS JUAN GUILLERMO | E91: FEIA | F91: 0 | H91: 63 | K91: Q02 | O91: 8 | P91: =+VLOOKUP(K91,$W$4:$AC$11,5,0) -> 5401.236 | Q91: =+VLOOKUP(K91,$W$4:$Z$11,2,0) -> 18004.12 | R91: =+VLOOKUP(K91,$W$4:$Y$11,3,0) -> 25011.121 | T91: 0 | U91: =+T91 -> 0 | V91: 0 | W91: 0 | X91: 0 | Y91: 0 | Z91: 0 | AA91: 0 | AB91: 0 | AC91: 0 | AD91: 0 | AE91: 0 | AF91: 0 | AG91: 0 | AH91: 0 | AI91: 0 | AJ91: 0 | AK91: 0 | AL91: 0 | AM91: 0 | AN91: 0 | AO91: 0 | AP91: 0 | AQ91: 0 | AR91: 0 | AS91: 0 | AT91: 0 | AU91: =+U91+V91+W91+Y91-Z91-AB91-AC91-AD91-AE91+AF91-AG91+AJ91 -> 0 | AV91: =+Q91*U91 -> 0 | AW91: =+Q91*V91 -> 0 | AX91: =+Q91*W91 -> 0 | AY91: =+Q91*X91 -> 0 | AZ91: =+(Q91*1.0833*Y91)+((P91*O91)/25*Y91) -> 0 | BA91: =-Q91/8*Z91 -> 0 | BB91: =+Q91/8*AA91 -> 0 | BC91: =-Q91*AB91 -> 0 | BD91: =-Q91*AC91 -> 0 | BE91: =-Q91/8*AD91 -> 0 | BF91: =-Q91*AE91 -> 0 | BG91: =+Q91*AF91 -> 0 | BH91: =-Q91*AG91 -> 0 | BI91: =+Q91*AI91 -> 0 | BJ91: =+Q91*AH91 -> 0 | BK91: =+Q91*AJ91 -> 0 | BL91: =+(P91*O91)/25*(U91+V91+W91-Z91-AB91-AC91-AD91-AE91+AF91-AG91) -> 0 | BM91: =+$BM$15/25*(U91+V91+Y91+AF91+AH91+AI91)*0 -> 0 | BP91: =+M91*(AU91+AH91+AI91) -> 0 | BS91: =+$BS$15*AM91 -> 0 | BT91: =+$BT$15*AN91 -> 0 | BU91: =+$BU$15*AO91 -> 0 | BV91: =+$BV$15*AP91 -> 0 | CA91: =+IF(H91>59,+SUM(AV91:BX91)*138.92%,0) -> 0 | CB91: =SUM(AV91:CA91) -> 0 | CE91: =-MIN(CB91,$CC$12)*$CD$15 -> 0 | CF91: =-IF(E91="FOTIA",(CB91-AZ91)*1%,(CB91-AZ91)*1.5%) -> 0 | CI91: =+IF(H91>59,0,(CB91*138.92%)) -> 0 | CJ91: =-MIN(CI91,$CC$12)*$CD$15 -> 0 | CK91: =-IF(E91="FOTIA",(CI91-BE91)*1%,(CI91-BE91)*1.5%) -> 0 | CL91: 0 | CN91: 0 | CZ91: =-SUM(CB91+CC91+CD91+CE91+CF91)*I91 -> 0 | DA91: =-SUM(CB91+CC91+CD91+CE91+CF91+CI91+CJ91+CK91)*J91 -> 0 | DB91: =SUM(CB91:DA91) -> 0 | DC91: =ROUND(DB91,0) -> 0 | DE91: =+DD91-DC91 -> 0
A92: =500000+B92 -> 509713 | B92: 9713 | C92: CAMPO | D92: ROJAS MARCELO GABRIEL | E92: FEIA | F92: 3 | I92: 0.3 | K92: Q04 | O92: 6 | P92: =+VLOOKUP(K92,$W$4:$AC$11,5,0) -> 5700.726 | Q92: =+VLOOKUP(K92,$W$4:$Z$11,2,0) -> 19002.42 | R92: =+VLOOKUP(K92,$W$4:$Y$11,3,0) -> 26397.964 | T92: 0 | U92: =+T92 -> 0 | V92: 0 | W92: 0 | X92: 0 | Y92: 0 | Z92: 0 | AA92: 0 | AB92: 0 | AC92: 0 | AD92: 0 | AE92: 0 | AF92: 0 | AG92: 0 | AH92: 0 | AI92: 0 | AJ92: 0 | AK92: 0 | AL92: 0 | AM92: 0 | AN92: 0 | AO92: 0 | AP92: 0 | AQ92: 0 | AR92: 0 | AS92: 0 | AT92: 0 | AU92: =+U92+V92+W92+Y92-Z92-AB92-AC92-AD92-AE92+AF92-AG92+AJ92 -> 0 | AV92: =+Q92*U92 -> 0 | AW92: =+Q92*V92 -> 0 | AX92: =+Q92*W92 -> 0 | AY92: =+Q92*X92 -> 0 | AZ92: =+(Q92*1.0833*Y92)+((P92*O92)/25*Y92) -> 0 | BA92: =-Q92/8*Z92 -> 0 | BB92: =+Q92/8*AA92 -> 0 | BC92: =-Q92*AB92 -> 0 | BD92: =-Q92*AC92 -> 0 | BE92: =-Q92/8*AD92 -> 0 | BF92: =-Q92*AE92 -> 0 | BG92: =+Q92*AF92 -> 0 | BH92: =-Q92*AG92 -> 0 | BI92: =+Q92*AI92 -> 0 | BJ92: =+Q92*AH92 -> 0 | BK92: =+Q92*AJ92 -> 0 | BL92: =+(P92*O92)/25*(U92+V92+W92-Z92-AB92-AC92-AD92-AE92+AF92-AG92) -> 0 | BM92: =+$BM$15/25*(U92+V92+Y92+AF92+AH92+AI92)*0 -> 0 | BP92: =+M92*(AU92+AH92+AI92) -> 0 | BS92: =+$BS$15*AM92 -> 0 | BT92: =+$BT$15*AN92 -> 0 | BU92: =+$BU$15*AO92 -> 0 | BV92: =+$BV$15*AP92 -> 0 | CA92: =+IF(H92>59,+SUM(AV92:BX92)*138.92%,0) -> 0 | CB92: =SUM(AV92:CA92) -> 0 | CE92: =-MIN(CB92,$CC$12)*$CD$15 -> 0 | CF92: =-IF(E92="FOTIA",(CB92-AZ92)*1%,(CB92-AZ92)*1.5%) -> 0 | CI92: =+IF(H92>59,0,(CB92*138.92%)) -> 0 | CJ92: =-MIN(CI92,$CC$12)*$CD$15 -> 0 | CK92: =-IF(E92="FOTIA",(CI92-BE92)*1%,(CI92-BE92)*1.5%) -> 0 | CL92: 0 | CN92: 0 | CZ92: =-SUM(CB92+CC92+CD92+CE92+CF92)*I92 -> 0 | DA92: =-SUM(CB92+CC92+CD92+CE92+CF92+CI92+CJ92+CK92)*J92 -> 0 | DB92: =SUM(CB92:DA92) -> 0 | DC92: =ROUND(DB92,0) -> 0 | DE92: =+DD92-DC92 -> 0
A93: =500000+B93 -> 509715 | B93: 9715 | C93: CAMPO | D93: ROMERO ARIEL DAVID | E93: FEIA | F93: 3 | K93: Q04 | O93: 8 | P93: =+VLOOKUP(K93,$W$4:$AC$11,5,0) -> 5700.726 | Q93: =+VLOOKUP(K93,$W$4:$Z$11,2,0) -> 19002.42 | R93: =+VLOOKUP(K93,$W$4:$Y$11,3,0) -> 26397.964 | T93: 7 | U93: =+T93 -> 7 | V93: 0 | W93: 1 | X93: 0 | Y93: 0 | Z93: 0 | AA93: 0 | AB93: 0 | AC93: 0 | AD93: 0 | AE93: 0 | AF93: 0 | AG93: 0 | AH93: 0 | AI93: 0 | AJ93: 0 | AK93: 0 | AL93: 0 | AM93: 0 | AN93: 0 | AO93: 0 | AP93: 0 | AQ93: 0 | AR93: 0 | AS93: 0 | AT93: 0 | AU93: =+U93+V93+W93+Y93-Z93-AB93-AC93-AD93-AE93+AF93-AG93+AJ93 -> 8 | AV93: =+Q93*U93 -> 133016.94 | AW93: =+Q93*V93 -> 0 | AX93: =+Q93*W93 -> 19002.42 | AY93: =+Q93*X93 -> 0 | AZ93: =+(Q93*1.0833*Y93)+((P93*O93)/25*Y93) -> 0 | BA93: =-Q93/8*Z93 -> 0 | BB93: =+Q93/8*AA93 -> 0 | BC93: =-Q93*AB93 -> 0 | BD93: =-Q93*AC93 -> 0 | BE93: =-Q93/8*AD93 -> 0 | BF93: =-Q93*AE93 -> 0 | BG93: =+Q93*AF93 -> 0 | BH93: =-Q93*AG93 -> 0 | BI93: =+Q93*AI93 -> 0 | BJ93: =+Q93*AH93 -> 0 | BK93: =+Q93*AJ93 -> 0 | BL93: =+(P93*O93)/25*(U93+V93+W93-Z93-AB93-AC93-AD93-AE93+AF93-AG93) -> 14593.859 | BM93: =+$BM$15/25*(U93+V93+Y93+AF93+AH93+AI93)*0 -> 0 | BP93: =+M93*(AU93+AH93+AI93) -> 0 | BS93: =+$BS$15*AM93 -> 0 | BT93: =+$BT$15*AN93 -> 0 | BU93: =+$BU$15*AO93 -> 0 | BV93: =+$BV$15*AP93 -> 0 | CA93: =+IF(H93>59,+SUM(AV93:BX93)*138.92%,0) -> 0 | CB93: =SUM(AV93:CA93) -> 166613.22 | CE93: =-MIN(CB93,$CC$12)*$CD$15 -> -4998.3966 | CF93: =-IF(E93="FOTIA",(CB93-AZ93)*1%,(CB93-AZ93)*1.5%) -> -2499.1983 | CI93: =+IF(H93>59,0,(CB93*138.92%)) -> 231459.08 | CJ93: =-MIN(CI93,$CC$12)*$CD$15 -> -6943.7725 | CK93: =-IF(E93="FOTIA",(CI93-BE93)*1%,(CI93-BE93)*1.5%) -> -3471.8862 | CL93: 0 | CN93: 0 | CZ93: =-SUM(CB93+CC93+CD93+CE93+CF93)*I93 -> 0 | DA93: =-SUM(CB93+CC93+CD93+CE93+CF93+CI93+CJ93+CK93)*J93 -> 0 | DB93: =SUM(CB93:DA93) -> 380159.05 | DC93: =ROUND(DB93,0) -> 380159 | DE93: =+DD93-DC93 -> -380159
A94: =500000+B94 -> 509716 | B94: 9716 | C94: CAMPO | D94: RUIZ DANIEL EVARISTO | E94: FEIA | F94: 0 | K94: Q04 | O94: 0 | P94: =+VLOOKUP(K94,$W$4:$AC$11,5,0) -> 5700.726 | Q94: =+VLOOKUP(K94,$W$4:$Z$11,2,0) -> 19002.42 | R94: =+VLOOKUP(K94,$W$4:$Y$11,3,0) -> 26397.964 | T94: 11 | U94: =+T94 -> 11 | V94: 0 | W94: 1 | X94: 0 | Y94: 0 | Z94: 0 | AA94: 0 | AB94: 0 | AC94: 0 | AD94: 0 | AE94: 0 | AF94: 0 | AG94: 0 | AH94: 0 | AI94: 0 | AJ94: 0 | AK94: 0 | AL94: 0 | AM94: 0 | AN94: 0 | AO94: 0 | AP94: 0 | AQ94: 0 | AR94: 0 | AS94: 0 | AT94: 0 | AU94: =+U94+V94+W94+Y94-Z94-AB94-AC94-AD94-AE94+AF94-AG94+AJ94 -> 12 | AV94: =+Q94*U94 -> 209026.62 | AW94: =+Q94*V94 -> 0 | AX94: =+Q94*W94 -> 19002.42 | AY94: =+Q94*X94 -> 0 | AZ94: =+(Q94*1.0833*Y94)+((P94*O94)/25*Y94) -> 0 | BA94: =-Q94/8*Z94 -> 0 | BB94: =+Q94/8*AA94 -> 0 | BC94: =-Q94*AB94 -> 0 | BD94: =-Q94*AC94 -> 0 | BE94: =-Q94/8*AD94 -> 0 | BF94: =-Q94*AE94 -> 0 | BG94: =+Q94*AF94 -> 0 | BH94: =-Q94*AG94 -> 0 | BI94: =+Q94*AI94 -> 0 | BJ94: =+Q94*AH94 -> 0 | BK94: =+Q94*AJ94 -> 0 | BL94: =+(P94*O94)/25*(U94+V94+W94-Z94-AB94-AC94-AD94-AE94+AF94-AG94) -> 0 | BM94: =+$BM$15/25*(U94+V94+Y94+AF94+AH94+AI94)*0 -> 0 | BP94: =+M94*(AU94+AH94+AI94) -> 0 | BS94: =+$BS$15*AM94 -> 0 | BT94: =+$BT$15*AN94 -> 0 | BU94: =+$BU$15*AO94 -> 0 | BV94: =+$BV$15*AP94 -> 0 | CA94: =+IF(H94>59,+SUM(AV94:BX94)*138.92%,0) -> 0 | CB94: =SUM(AV94:CA94) -> 228029.04 | CE94: =-MIN(CB94,$CC$12)*$CD$15 -> -6840.8712 | CF94: =-IF(E94="FOTIA",(CB94-AZ94)*1%,(CB94-AZ94)*1.5%) -> -3420.4356 | CI94: =+IF(H94>59,0,(CB94*138.92%)) -> 316777.94 | CJ94: =-MIN(CI94,$CC$12)*$CD$15 -> -9503.3383 | CK94: =-IF(E94="FOTIA",(CI94-BE94)*1%,(CI94-BE94)*1.5%) -> -4751.6691 | CL94: 0 | CN94: 0 | CZ94: =-SUM(CB94+CC94+CD94+CE94+CF94)*I94 -> 0 | DA94: =-SUM(CB94+CC94+CD94+CE94+CF94+CI94+CJ94+CK94)*J94 -> 0 | DB94: =SUM(CB94:DA94) -> 520290.67 | DC94: =ROUND(DB94,0) -> 520291 | DE94: =+DD94-DC94 -> -520291
A95: =500000+B95 -> 509719 | B95: 9719 | C95: CAMPO | D95: SANTILLAN JORGE ESTEBAN | E95: FEIA | F95: 3 | K95: Q02 | O95: 18 | P95: =+VLOOKUP(K95,$W$4:$AC$11,5,0) -> 5401.236 | Q95: =+VLOOKUP(K95,$W$4:$Z$11,2,0) -> 18004.12 | R95: =+VLOOKUP(K95,$W$4:$Y$11,3,0) -> 25011.121 | T95: 0 | U95: =+T95 -> 0 | V95: 0 | W95: 0 | X95: 0 | Y95: 0 | Z95: 0 | AA95: 0 | AB95: 0 | AC95: 0 | AD95: 0 | AE95: 0 | AF95: 0 | AG95: 0 | AH95: 0 | AI95: 0 | AJ95: 0 | AK95: 0 | AL95: 0 | AM95: 0 | AN95: 0 | AO95: 0 | AP95: 0 | AQ95: 0 | AR95: 0 | AS95: 0 | AT95: 0 | AU95: =+U95+V95+W95+Y95-Z95-AB95-AC95-AD95-AE95+AF95-AG95+AJ95 -> 0 | AV95: =+Q95*U95 -> 0 | AW95: =+Q95*V95 -> 0 | AX95: =+Q95*W95 -> 0 | AY95: =+Q95*X95 -> 0 | AZ95: =+(Q95*1.0833*Y95)+((P95*O95)/25*Y95) -> 0 | BA95: =-Q95/8*Z95 -> 0 | BB95: =+Q95/8*AA95 -> 0 | BC95: =-Q95*AB95 -> 0 | BD95: =-Q95*AC95 -> 0 | BE95: =-Q95/8*AD95 -> 0 | BF95: =-Q95*AE95 -> 0 | BG95: =+Q95*AF95 -> 0 | BH95: =-Q95*AG95 -> 0 | BI95: =+Q95*AI95 -> 0 | BJ95: =+Q95*AH95 -> 0 | BK95: =+Q95*AJ95 -> 0 | BL95: =+(P95*O95)/25*(U95+V95+W95-Z95-AB95-AC95-AD95-AE95+AF95-AG95) -> 0 | BM95: =+$BM$15/25*(U95+V95+Y95+AF95+AH95+AI95)*0 -> 0 | BP95: =+M95*(AU95+AH95+AI95) -> 0 | BS95: =+$BS$15*AM95 -> 0 | BT95: =+$BT$15*AN95 -> 0 | BU95: =+$BU$15*AO95 -> 0 | BV95: =+$BV$15*AP95 -> 0 | CA95: =+IF(H95>59,+SUM(AV95:BX95)*138.92%,0) -> 0 | CB95: =SUM(AV95:CA95) -> 0 | CE95: =-MIN(CB95,$CC$12)*$CD$15 -> 0 | CF95: =-IF(E95="FOTIA",(CB95-AZ95)*1%,(CB95-AZ95)*1.5%) -> 0 | CI95: =+IF(H95>59,0,(CB95*138.92%)) -> 0 | CJ95: =-MIN(CI95,$CC$12)*$CD$15 -> 0 | CK95: =-IF(E95="FOTIA",(CI95-BE95)*1%,(CI95-BE95)*1.5%) -> 0 | CL95: 0 | CN95: 0 | CZ95: =-SUM(CB95+CC95+CD95+CE95+CF95)*I95 -> 0 | DA95: =-SUM(CB95+CC95+CD95+CE95+CF95+CI95+CJ95+CK95)*J95 -> 0 | DB95: =SUM(CB95:DA95) -> 0 | DC95: =ROUND(DB95,0) -> 0 | DE95: =+DD95-DC95 -> 0
A96: =500000+B96 -> 509722 | B96: 9722 | C96: CAMPO | D96: SERRANO FABIAN EDUARDO | E96: FEIA | F96: 3 | K96: Q04 | O96: 17 | P96: =+VLOOKUP(K96,$W$4:$AC$11,5,0) -> 5700.726 | Q96: =+VLOOKUP(K96,$W$4:$Z$11,2,0) -> 19002.42 | R96: =+VLOOKUP(K96,$W$4:$Y$11,3,0) -> 26397.964 | T96: 2 | U96: =+T96 -> 2 | V96: 0 | W96: 1 | X96: 0 | Y96: 0 | Z96: 0 | AA96: 0 | AB96: 0 | AC96: 0 | AD96: 0 | AE96: 0 | AF96: 0 | AG96: 0 | AH96: 0 | AI96: 0 | AJ96: 0 | AK96: 0 | AL96: 0 | AM96: 0 | AN96: 0 | AO96: 0 | AP96: 0 | AQ96: 0 | AR96: 0 | AS96: 0 | AT96: 0 | AU96: =+U96+V96+W96+Y96-Z96-AB96-AC96-AD96-AE96+AF96-AG96+AJ96 -> 3 | AV96: =+Q96*U96 -> 38004.84 | AW96: =+Q96*V96 -> 0 | AX96: =+Q96*W96 -> 19002.42 | AY96: =+Q96*X96 -> 0 | AZ96: =+(Q96*1.0833*Y96)+((P96*O96)/25*Y96) -> 0 | BA96: =-Q96/8*Z96 -> 0 | BB96: =+Q96/8*AA96 -> 0 | BC96: =-Q96*AB96 -> 0 | BD96: =-Q96*AC96 -> 0 | BE96: =-Q96/8*AD96 -> 0 | BF96: =-Q96*AE96 -> 0 | BG96: =+Q96*AF96 -> 0 | BH96: =-Q96*AG96 -> 0 | BI96: =+Q96*AI96 -> 0 | BJ96: =+Q96*AH96 -> 0 | BK96: =+Q96*AJ96 -> 0 | BL96: =+(P96*O96)/25*(U96+V96+W96-Z96-AB96-AC96-AD96-AE96+AF96-AG96) -> 11629.481 | BM96: =+$BM$15/25*(U96+V96+Y96+AF96+AH96+AI96)*0 -> 0 | BP96: =+M96*(AU96+AH96+AI96) -> 0 | BS96: =+$BS$15*AM96 -> 0 | BT96: =+$BT$15*AN96 -> 0 | BU96: =+$BU$15*AO96 -> 0 | BV96: =+$BV$15*AP96 -> 0 | CA96: =+IF(H96>59,+SUM(AV96:BX96)*138.92%,0) -> 0 | CB96: =SUM(AV96:CA96) -> 68636.741 | CE96: =-MIN(CB96,$CC$12)*$CD$15 -> -2059.1022 | CF96: =-IF(E96="FOTIA",(CB96-AZ96)*1%,(CB96-AZ96)*1.5%) -> -1029.5511 | CI96: =+IF(H96>59,0,(CB96*138.92%)) -> 95350.161 | CJ96: =-MIN(CI96,$CC$12)*$CD$15 -> -2860.5048 | CK96: =-IF(E96="FOTIA",(CI96-BE96)*1%,(CI96-BE96)*1.5%) -> -1430.2524 | CL96: 0 | CN96: 0 | CZ96: =-SUM(CB96+CC96+CD96+CE96+CF96)*I96 -> 0 | DA96: =-SUM(CB96+CC96+CD96+CE96+CF96+CI96+CJ96+CK96)*J96 -> 0 | DB96: =SUM(CB96:DA96) -> 156607.49 | DC96: =ROUND(DB96,0) -> 156607 | DE96: =+DD96-DC96 -> -156607
A97: =500000+B97 -> 509723 | B97: 9723 | C97: CAMPO | D97: SERRANO JORGE RICARDO | E97: FEIA | F97: 3 | K97: Q04 | O97: 12 | P97: =+VLOOKUP(K97,$W$4:$AC$11,5,0) -> 5700.726 | Q97: =+VLOOKUP(K97,$W$4:$Z$11,2,0) -> 19002.42 | R97: =+VLOOKUP(K97,$W$4:$Y$11,3,0) -> 26397.964 | T97: 0 | U97: =+T97 -> 0 | V97: 0 | W97: 0 | X97: 0 | Y97: 0 | Z97: 0 | AA97: 0 | AB97: 0 | AC97: 0 | AD97: 0 | AE97: 0 | AF97: 0 | AG97: 0 | AH97: 0 | AI97: 0 | AJ97: 0 | AK97: 0 | AL97: 0 | AM97: 0 | AN97: 0 | AO97: 0 | AP97: 0 | AQ97: 0 | AR97: 0 | AS97: 0 | AT97: 0 | AU97: =+U97+V97+W97+Y97-Z97-AB97-AC97-AD97-AE97+AF97-AG97+AJ97 -> 0 | AV97: =+Q97*U97 -> 0 | AW97: =+Q97*V97 -> 0 | AX97: =+Q97*W97 -> 0 | AY97: =+Q97*X97 -> 0 | AZ97: =+(Q97*1.0833*Y97)+((P97*O97)/25*Y97) -> 0 | BA97: =-Q97/8*Z97 -> 0 | BB97: =+Q97/8*AA97 -> 0 | BC97: =-Q97*AB97 -> 0 | BD97: =-Q97*AC97 -> 0 | BE97: =-Q97/8*AD97 -> 0 | BF97: =-Q97*AE97 -> 0 | BG97: =+Q97*AF97 -> 0 | BH97: =-Q97*AG97 -> 0 | BI97: =+Q97*AI97 -> 0 | BJ97: =+Q97*AH97 -> 0 | BK97: =+Q97*AJ97 -> 0 | BL97: =+(P97*O97)/25*(U97+V97+W97-Z97-AB97-AC97-AD97-AE97+AF97-AG97) -> 0 | BM97: =+$BM$15/25*(U97+V97+Y97+AF97+AH97+AI97)*0 -> 0 | BP97: =+M97*(AU97+AH97+AI97) -> 0 | BS97: =+$BS$15*AM97 -> 0 | BT97: =+$BT$15*AN97 -> 0 | BU97: =+$BU$15*AO97 -> 0 | BV97: =+$BV$15*AP97 -> 0 | CA97: =+IF(H97>59,+SUM(AV97:BX97)*138.92%,0) -> 0 | CB97: =SUM(AV97:CA97) -> 0 | CE97: =-MIN(CB97,$CC$12)*$CD$15 -> 0 | CF97: =-IF(E97="FOTIA",(CB97-AZ97)*1%,(CB97-AZ97)*1.5%) -> 0 | CI97: =+IF(H97>59,0,(CB97*138.92%)) -> 0 | CJ97: =-MIN(CI97,$CC$12)*$CD$15 -> 0 | CK97: =-IF(E97="FOTIA",(CI97-BE97)*1%,(CI97-BE97)*1.5%) -> 0 | CL97: 0 | CN97: 0 | CZ97: =-SUM(CB97+CC97+CD97+CE97+CF97)*I97 -> 0 | DA97: =-SUM(CB97+CC97+CD97+CE97+CF97+CI97+CJ97+CK97)*J97 -> 0 | DB97: =SUM(CB97:DA97) -> 0 | DC97: =ROUND(DB97,0) -> 0 | DE97: =+DD97-DC97 -> 0
A98: =500000+B98 -> 509724 | B98: 9724 | C98: CAMPO | D98: SILVA SERGIO GUILLERMO | E98: FEIA | F98: 3 | H98: 61 | K98: Q04 | O98: 17 | P98: =+VLOOKUP(K98,$W$4:$AC$11,5,0) -> 5700.726 | Q98: =+VLOOKUP(K98,$W$4:$Z$11,2,0) -> 19002.42 | R98: =+VLOOKUP(K98,$W$4:$Y$11,3,0) -> 26397.964 | T98: 0 | U98: =+T98 -> 0 | V98: 0 | W98: 0 | X98: 0 | Y98: 0 | Z98: 0 | AA98: 0 | AB98: 0 | AC98: 0 | AD98: 0 | AE98: 0 | AF98: 0 | AG98: 0 | AH98: 0 | AI98: 0 | AJ98: 0 | AK98: 0 | AL98: 0 | AM98: 0 | AN98: 0 | AO98: 0 | AP98: 0 | AQ98: 0 | AR98: 0 | AS98: 0 | AT98: 0 | AU98: =+U98+V98+W98+Y98-Z98-AB98-AC98-AD98-AE98+AF98-AG98+AJ98 -> 0 | AV98: =+Q98*U98 -> 0 | AW98: =+Q98*V98 -> 0 | AX98: =+Q98*W98 -> 0 | AY98: =+Q98*X98 -> 0 | AZ98: =+(Q98*1.0833*Y98)+((P98*O98)/25*Y98) -> 0 | BA98: =-Q98/8*Z98 -> 0 | BB98: =+Q98/8*AA98 -> 0 | BC98: =-Q98*AB98 -> 0 | BD98: =-Q98*AC98 -> 0 | BE98: =-Q98/8*AD98 -> 0 | BF98: =-Q98*AE98 -> 0 | BG98: =+Q98*AF98 -> 0 | BH98: =-Q98*AG98 -> 0 | BI98: =+Q98*AI98 -> 0 | BJ98: =+Q98*AH98 -> 0 | BK98: =+Q98*AJ98 -> 0 | BL98: =+(P98*O98)/25*(U98+V98+W98-Z98-AB98-AC98-AD98-AE98+AF98-AG98) -> 0 | BM98: =+$BM$15/25*(U98+V98+Y98+AF98+AH98+AI98)*0 -> 0 | BP98: =+M98*(AU98+AH98+AI98) -> 0 | BS98: =+$BS$15*AM98 -> 0 | BT98: =+$BT$15*AN98 -> 0 | BU98: =+$BU$15*AO98 -> 0 | BV98: =+$BV$15*AP98 -> 0 | CA98: =+IF(H98>59,+SUM(AV98:BX98)*138.92%,0) -> 0 | CB98: =SUM(AV98:CA98) -> 0 | CE98: =-MIN(CB98,$CC$12)*$CD$15 -> 0 | CF98: =-IF(E98="FOTIA",(CB98-AZ98)*1%,(CB98-AZ98)*1.5%) -> 0 | CI98: =+IF(H98>59,0,(CB98*138.92%)) -> 0 | CJ98: =-MIN(CI98,$CC$12)*$CD$15 -> 0 | CK98: =-IF(E98="FOTIA",(CI98-BE98)*1%,(CI98-BE98)*1.5%) -> 0 | CL98: 0 | CN98: 0 | CZ98: =-SUM(CB98+CC98+CD98+CE98+CF98)*I98 -> 0 | DA98: =-SUM(CB98+CC98+CD98+CE98+CF98+CI98+CJ98+CK98)*J98 -> 0 | DB98: =SUM(CB98:DA98) -> 0 | DC98: =ROUND(DB98,0) -> 0 | DE98: =+DD98-DC98 -> 0
A99: =500000+B99 -> 509726 | B99: 9726 | C99: CAMPO | D99: SORIA GABRIEL GUSTAVO | E99: FEIA | F99: 3 | K99: Q04 | O99: 5 | P99: =+VLOOKUP(K99,$W$4:$AC$11,5,0) -> 5700.726 | Q99: =+VLOOKUP(K99,$W$4:$Z$11,2,0) -> 19002.42 | R99: =+VLOOKUP(K99,$W$4:$Y$11,3,0) -> 26397.964 | T99: 0 | U99: =+T99 -> 0 | V99: 0 | W99: 0 | X99: 0 | Y99: 0 | Z99: 0 | AA99: 0 | AB99: 0 | AC99: 0 | AD99: 0 | AE99: 0 | AF99: 0 | AG99: 0 | AH99: 0 | AI99: 0 | AJ99: 0 | AK99: 0 | AL99: 0 | AM99: 0 | AN99: 0 | AO99: 0 | AP99: 0 | AQ99: 0 | AR99: 0 | AS99: 0 | AT99: 0 | AU99: =+U99+V99+W99+Y99-Z99-AB99-AC99-AD99-AE99+AF99-AG99+AJ99 -> 0 | AV99: =+Q99*U99 -> 0 | AW99: =+Q99*V99 -> 0 | AX99: =+Q99*W99 -> 0 | AY99: =+Q99*X99 -> 0 | AZ99: =+(Q99*1.0833*Y99)+((P99*O99)/25*Y99) -> 0 | BA99: =-Q99/8*Z99 -> 0 | BB99: =+Q99/8*AA99 -> 0 | BC99: =-Q99*AB99 -> 0 | BD99: =-Q99*AC99 -> 0 | BE99: =-Q99/8*AD99 -> 0 | BF99: =-Q99*AE99 -> 0 | BG99: =+Q99*AF99 -> 0 | BH99: =-Q99*AG99 -> 0 | BI99: =+Q99*AI99 -> 0 | BJ99: =+Q99*AH99 -> 0 | BK99: =+Q99*AJ99 -> 0 | BL99: =+(P99*O99)/25*(U99+V99+W99-Z99-AB99-AC99-AD99-AE99+AF99-AG99) -> 0 | BM99: =+$BM$15/25*(U99+V99+Y99+AF99+AH99+AI99)*0 -> 0 | BP99: =+M99*(AU99+AH99+AI99) -> 0 | BS99: =+$BS$15*AM99 -> 0 | BT99: =+$BT$15*AN99 -> 0 | BU99: =+$BU$15*AO99 -> 0 | BV99: =+$BV$15*AP99 -> 0 | CA99: =+IF(H99>59,+SUM(AV99:BX99)*138.92%,0) -> 0 | CB99: =SUM(AV99:CA99) -> 0 | CE99: =-MIN(CB99,$CC$12)*$CD$15 -> 0 | CF99: =-IF(E99="FOTIA",(CB99-AZ99)*1%,(CB99-AZ99)*1.5%) -> 0 | CI99: =+IF(H99>59,0,(CB99*138.92%)) -> 0 | CJ99: =-MIN(CI99,$CC$12)*$CD$15 -> 0 | CK99: =-IF(E99="FOTIA",(CI99-BE99)*1%,(CI99-BE99)*1.5%) -> 0 | CL99: 0 | CN99: 0 | CZ99: =-SUM(CB99+CC99+CD99+CE99+CF99)*I99 -> 0 | DA99: =-SUM(CB99+CC99+CD99+CE99+CF99+CI99+CJ99+CK99)*J99 -> 0 | DB99: =SUM(CB99:DA99) -> 0 | DC99: =ROUND(DB99,0) -> 0 | DE99: =+DD99-DC99 -> 0
A100: =500000+B100 -> 509640 | B100: 9640 | C100: CAMPO | D100: SORIA LUIS OSCAR | E100: FEIA | F100: 3 | K100: Q04 | O100: 10 | P100: =+VLOOKUP(K100,$W$4:$AC$11,5,0) -> 5700.726 | Q100: =+VLOOKUP(K100,$W$4:$Z$11,2,0) -> 19002.42 | R100: =+VLOOKUP(K100,$W$4:$Y$11,3,0) -> 26397.964 | T100: 6 | U100: =+T100 -> 6 | V100: 0 | W100: 0 | X100: 0 | Y100: 0 | Z100: 0 | AA100: 0 | AB100: 0 | AC100: 0 | AD100: 0 | AE100: 0 | AF100: 0 | AG100: 0 | AH100: 0 | AI100: 0 | AJ100: 0 | AK100: 0 | AL100: 0 | AM100: 0 | AN100: 0 | AO100: 0 | AP100: 0 | AQ100: 0 | AR100: 0 | AS100: 0 | AT100: 0 | AU100: =+U100+V100+W100+Y100-Z100-AB100-AC100-AD100-AE100+AF100-AG100+AJ100 -> 6 | AV100: =+Q100*U100 -> 114014.52 | AW100: =+Q100*V100 -> 0 | AX100: =+Q100*W100 -> 0 | AY100: =+Q100*X100 -> 0 | AZ100: =+(Q100*1.0833*Y100)+((P100*O100)/25*Y100) -> 0 | BA100: =-Q100/8*Z100 -> 0 | BB100: =+Q100/8*AA100 -> 0 | BC100: =-Q100*AB100 -> 0 | BD100: =-Q100*AC100 -> 0 | BE100: =-Q100/8*AD100 -> 0 | BF100: =-Q100*AE100 -> 0 | BG100: =+Q100*AF100 -> 0 | BH100: =-Q100*AG100 -> 0 | BI100: =+Q100*AI100 -> 0 | BJ100: =+Q100*AH100 -> 0 | BK100: =+Q100*AJ100 -> 0 | BL100: =+(P100*O100)/25*(U100+V100+W100-Z100-AB100-AC100-AD100-AE100+AF100-AG100) -> 13681.742 | BM100: =+$BM$15/25*(U100+V100+Y100+AF100+AH100+AI100)*0 -> 0 | BP100: =+M100*(AU100+AH100+AI100) -> 0 | BS100: =+$BS$15*AM100 -> 0 | BT100: =+$BT$15*AN100 -> 0 | BU100: =+$BU$15*AO100 -> 0 | BV100: =+$BV$15*AP100 -> 0 | CA100: =+IF(H100>59,+SUM(AV100:BX100)*138.92%,0) -> 0 | CB100: =SUM(AV100:CA100) -> 127696.26 | CE100: =-MIN(CB100,$CC$12)*$CD$15 -> -3830.8879 | CF100: =-IF(E100="FOTIA",(CB100-AZ100)*1%,(CB100-AZ100)*1.5%) -> -1915.4439 | CI100: =+IF(H100>59,0,(CB100*138.92%)) -> 177395.65 | CJ100: =-MIN(CI100,$CC$12)*$CD$15 -> -5321.8694 | CK100: =-IF(E100="FOTIA",(CI100-BE100)*1%,(CI100-BE100)*1.5%) -> -2660.9347 | CL100: 0 | CN100: 0 | CZ100: =-SUM(CB100+CC100+CD100+CE100+CF100)*I100 -> 0 | DA100: =-SUM(CB100+CC100+CD100+CE100+CF100+CI100+CJ100+CK100)*J100 -> 0 | DB100: =SUM(CB100:DA100) -> 291362.77 | DC100: =ROUND(DB100,0) -> 291363 | DE100: =+DD100-DC100 -> -291363
A101: =500000+B101 -> 509728 | B101: 9728 | C101: CAMPO | D101: SOSA OSCAR ALFREDO | E101: FEIA | F101: 3 | K101: Q04 | O101: 7 | P101: =+VLOOKUP(K101,$W$4:$AC$11,5,0) -> 5700.726 | Q101: =+VLOOKUP(K101,$W$4:$Z$11,2,0) -> 19002.42 | R101: =+VLOOKUP(K101,$W$4:$Y$11,3,0) -> 26397.964 | T101: 0 | U101: =+T101 -> 0 | V101: 0 | W101: 0 | X101: 0 | Y101: 0 | Z101: 0 | AA101: 0 | AB101: 0 | AC101: 0 | AD101: 0 | AE101: 0 | AF101: 0 | AG101: 0 | AH101: 0 | AI101: 0 | AJ101: 0 | AK101: 0 | AL101: 0 | AM101: 0 | AN101: 0 | AO101: 0 | AP101: 0 | AQ101: 0 | AR101: 0 | AS101: 0 | AT101: 0 | AU101: =+U101+V101+W101+Y101-Z101-AB101-AC101-AD101-AE101+AF101-AG101+AJ101 -> 0 | AV101: =+Q101*U101 -> 0 | AW101: =+Q101*V101 -> 0 | AX101: =+Q101*W101 -> 0 | AY101: =+Q101*X101 -> 0 | AZ101: =+(Q101*1.0833*Y101)+((P101*O101)/25*Y101) -> 0 | BA101: =-Q101/8*Z101 -> 0 | BB101: =+Q101/8*AA101 -> 0 | BC101: =-Q101*AB101 -> 0 | BD101: =-Q101*AC101 -> 0 | BE101: =-Q101/8*AD101 -> 0 | BF101: =-Q101*AE101 -> 0 | BG101: =+Q101*AF101 -> 0 | BH101: =-Q101*AG101 -> 0 | BI101: =+Q101*AI101 -> 0 | BJ101: =+Q101*AH101 -> 0 | BK101: =+Q101*AJ101 -> 0 | BL101: =+(P101*O101)/25*(U101+V101+W101-Z101-AB101-AC101-AD101-AE101+AF101-AG101) -> 0 | BM101: =+$BM$15/25*(U101+V101+Y101+AF101+AH101+AI101)*0 -> 0 | BP101: =+M101*(AU101+AH101+AI101) -> 0 | BS101: =+$BS$15*AM101 -> 0 | BT101: =+$BT$15*AN101 -> 0 | BU101: =+$BU$15*AO101 -> 0 | BV101: =+$BV$15*AP101 -> 0 | CA101: =+IF(H101>59,+SUM(AV101:BX101)*138.92%,0) -> 0 | CB101: =SUM(AV101:CA101) -> 0 | CE101: =-MIN(CB101,$CC$12)*$CD$15 -> 0 | CF101: =-IF(E101="FOTIA",(CB101-AZ101)*1%,(CB101-AZ101)*1.5%) -> 0 | CI101: =+IF(H101>59,0,(CB101*138.92%)) -> 0 | CJ101: =-MIN(CI101,$CC$12)*$CD$15 -> 0 | CK101: =-IF(E101="FOTIA",(CI101-BE101)*1%,(CI101-BE101)*1.5%) -> 0 | CL101: 0 | CN101: 0 | CZ101: =-SUM(CB101+CC101+CD101+CE101+CF101)*I101 -> 0 | DA101: =-SUM(CB101+CC101+CD101+CE101+CF101+CI101+CJ101+CK101)*J101 -> 0 | DB101: =SUM(CB101:DA101) -> 0 | DC101: =ROUND(DB101,0) -> 0 | DE101: =+DD101-DC101 -> 0
A102: =500000+B102 -> 509755 | B102: 9755 | C102: CAMPO | D102: TARTALO ANTONIO SEGUNDO RAFAEL | E102: FOTIA | F102: 0 | K102: Q04 | O102: 4 | P102: =+VLOOKUP(K102,$W$4:$AC$11,5,0) -> 5700.726 | Q102: =+VLOOKUP(K102,$W$4:$Z$11,2,0) -> 19002.42 | R102: =+VLOOKUP(K102,$W$4:$Y$11,3,0) -> 26397.964 | T102: 0 | U102: =+T102 -> 0 | V102: 0 | W102: 0 | X102: 0 | Y102: 0 | Z102: 0 | AA102: 0 | AB102: 0 | AC102: 0 | AD102: 0 | AE102: 0 | AF102: 0 | AG102: 0 | AH102: 0 | AI102: 0 | AJ102: 0 | AK102: 0 | AL102: 0 | AM102: 0 | AN102: 0 | AO102: 0 | AP102: 0 | AQ102: 0 | AR102: 0 | AS102: 0 | AT102: 0 | AU102: =+U102+V102+W102+Y102-Z102-AB102-AC102-AD102-AE102+AF102-AG102+AJ102 -> 0 | AV102: =+Q102*U102 -> 0 | AW102: =+Q102*V102 -> 0 | AX102: =+Q102*W102 -> 0 | AY102: =+Q102*X102 -> 0 | AZ102: =+(Q102*1.0833*Y102)+((P102*O102)/25*Y102) -> 0 | BA102: =-Q102/8*Z102 -> 0 | BB102: =+Q102/8*AA102 -> 0 | BC102: =-Q102*AB102 -> 0 | BD102: =-Q102*AC102 -> 0 | BE102: =-Q102/8*AD102 -> 0 | BF102: =-Q102*AE102 -> 0 | BG102: =+Q102*AF102 -> 0 | BH102: =-Q102*AG102 -> 0 | BI102: =+Q102*AI102 -> 0 | BJ102: =+Q102*AH102 -> 0 | BK102: =+Q102*AJ102 -> 0 | BL102: =+(P102*O102)/25*(U102+V102+W102-Z102-AB102-AC102-AD102-AE102+AF102-AG102) -> 0 | BM102: =+$BM$15/25*(U102+V102+Y102+AF102+AH102+AI102)*0 -> 0 | BP102: =+M102*(AU102+AH102+AI102) -> 0 | BS102: =+$BS$15*AM102 -> 0 | BT102: =+$BT$15*AN102 -> 0 | BU102: =+$BU$15*AO102 -> 0 | BV102: =+$BV$15*AP102 -> 0 | CA102: =+IF(H102>59,+SUM(AV102:BX102)*138.92%,0) -> 0 | CB102: =SUM(AV102:CA102) -> 0 | CE102: =-MIN(CB102,$CC$12)*$CD$15 -> 0 | CF102: =-IF(E102="FOTIA",(CB102-AZ102)*1%,(CB102-AZ102)*1.5%) -> 0 | CI102: =+IF(H102>59,0,(CB102*138.92%)) -> 0 | CJ102: =-MIN(CI102,$CC$12)*$CD$15 -> 0 | CK102: =-IF(E102="FOTIA",(CI102-BE102)*1%,(CI102-BE102)*1.5%) -> 0 | CL102: 0 | CN102: 0 | CZ102: =-SUM(CB102+CC102+CD102+CE102+CF102)*I102 -> 0 | DA102: =-SUM(CB102+CC102+CD102+CE102+CF102+CI102+CJ102+CK102)*J102 -> 0 | DB102: =SUM(CB102:DA102) -> 0 | DC102: =ROUND(DB102,0) -> 0 | DE102: =+DD102-DC102 -> 0
A103: =500000+B103 -> 509852 | B103: 9852 | C103: CAMPO | D103: TARTALO CRISTIAN IVAN | E103: FOTIA | F103: 0 | K103: Q02 | O103: 0 | P103: =+VLOOKUP(K103,$W$4:$AC$11,5,0) -> 5401.236 | Q103: =+VLOOKUP(K103,$W$4:$Z$11,2,0) -> 18004.12 | R103: =+VLOOKUP(K103,$W$4:$Y$11,3,0) -> 25011.121 | T103: 4 | U103: =+T103 -> 4 | V103: 0 | W103: 0 | X103: 0 | Y103: 0 | Z103: 0 | AA103: 0 | AB103: 0 | AC103: 0 | AD103: 0 | AE103: 0 | AF103: 0 | AG103: 0 | AH103: 0 | AI103: 0 | AJ103: 0 | AK103: 0 | AL103: 0 | AM103: 0 | AN103: 0 | AO103: 0 | AP103: 0 | AQ103: 0 | AR103: 0 | AS103: 0 | AT103: 0 | AU103: =+U103+V103+W103+Y103-Z103-AB103-AC103-AD103-AE103+AF103-AG103+AJ103 -> 4 | AV103: =+Q103*U103 -> 72016.48 | AW103: =+Q103*V103 -> 0 | AX103: =+Q103*W103 -> 0 | AY103: =+Q103*X103 -> 0 | AZ103: =+(Q103*1.0833*Y103)+((P103*O103)/25*Y103) -> 0 | BA103: =-Q103/8*Z103 -> 0 | BB103: =+Q103/8*AA103 -> 0 | BC103: =-Q103*AB103 -> 0 | BD103: =-Q103*AC103 -> 0 | BE103: =-Q103/8*AD103 -> 0 | BF103: =-Q103*AE103 -> 0 | BG103: =+Q103*AF103 -> 0 | BH103: =-Q103*AG103 -> 0 | BI103: =+Q103*AI103 -> 0 | BJ103: =+Q103*AH103 -> 0 | BK103: =+Q103*AJ103 -> 0 | BL103: =+(P103*O103)/25*(U103+V103+W103-Z103-AB103-AC103-AD103-AE103+AF103-AG103) -> 0 | BM103: =+$BM$15/25*(U103+V103+Y103+AF103+AH103+AI103)*0 -> 0 | BP103: =+M103*(AU103+AH103+AI103) -> 0 | BS103: =+$BS$15*AM103 -> 0 | BT103: =+$BT$15*AN103 -> 0 | BU103: =+$BU$15*AO103 -> 0 | BV103: =+$BV$15*AP103 -> 0 | CA103: =+IF(H103>59,+SUM(AV103:BX103)*138.92%,0) -> 0 | CB103: =SUM(AV103:CA103) -> 72016.48 | CE103: =-MIN(CB103,$CC$12)*$CD$15 -> -2160.4944 | CF103: =-IF(E103="FOTIA",(CB103-AZ103)*1%,(CB103-AZ103)*1.5%) -> -720.1648 | CI103: =+IF(H103>59,0,(CB103*138.92%)) -> 100045.29 | CJ103: =-MIN(CI103,$CC$12)*$CD$15 -> -3001.3588 | CK103: =-IF(E103="FOTIA",(CI103-BE103)*1%,(CI103-BE103)*1.5%) -> -1000.4529 | CL103: 0 | CN103: 0 | CZ103: =-SUM(CB103+CC103+CD103+CE103+CF103)*I103 -> 0 | DA103: =-SUM(CB103+CC103+CD103+CE103+CF103+CI103+CJ103+CK103)*J103 -> 0 | DB103: =SUM(CB103:DA103) -> 165179.3 | DC103: =ROUND(DB103,0) -> 165179 | DE103: =+DD103-DC103 -> -165179
A104: =500000+B104 -> 509729 | B104: 9729 | C104: CAMPO | D104: TARTALO JOSE OSCAR | E104: FEIA | F104: 3 | K104: Q04 | O104: 6 | P104: =+VLOOKUP(K104,$W$4:$AC$11,5,0) -> 5700.726 | Q104: =+VLOOKUP(K104,$W$4:$Z$11,2,0) -> 19002.42 | R104: =+VLOOKUP(K104,$W$4:$Y$11,3,0) -> 26397.964 | T104: 0 | U104: =+T104 -> 0 | V104: 0 | W104: 0 | X104: 0 | Y104: 0 | Z104: 0 | AA104: 0 | AB104: 0 | AC104: 0 | AD104: 0 | AE104: 0 | AF104: 0 | AG104: 0 | AH104: 0 | AI104: 0 | AJ104: 0 | AK104: 0 | AL104: 0 | AM104: 0 | AN104: 0 | AO104: 0 | AP104: 0 | AQ104: 0 | AR104: 0 | AS104: 0 | AT104: 0 | AU104: =+U104+V104+W104+Y104-Z104-AB104-AC104-AD104-AE104+AF104-AG104+AJ104 -> 0 | AV104: =+Q104*U104 -> 0 | AW104: =+Q104*V104 -> 0 | AX104: =+Q104*W104 -> 0 | AY104: =+Q104*X104 -> 0 | AZ104: =+(Q104*1.0833*Y104)+((P104*O104)/25*Y104) -> 0 | BA104: =-Q104/8*Z104 -> 0 | BB104: =+Q104/8*AA104 -> 0 | BC104: =-Q104*AB104 -> 0 | BD104: =-Q104*AC104 -> 0 | BE104: =-Q104/8*AD104 -> 0 | BF104: =-Q104*AE104 -> 0 | BG104: =+Q104*AF104 -> 0 | BH104: =-Q104*AG104 -> 0 | BI104: =+Q104*AI104 -> 0 | BJ104: =+Q104*AH104 -> 0 | BK104: =+Q104*AJ104 -> 0 | BL104: =+(P104*O104)/25*(U104+V104+W104-Z104-AB104-AC104-AD104-AE104+AF104-AG104) -> 0 | BM104: =+$BM$15/25*(U104+V104+Y104+AF104+AH104+AI104)*0 -> 0 | BP104: =+M104*(AU104+AH104+AI104) -> 0 | BS104: =+$BS$15*AM104 -> 0 | BT104: =+$BT$15*AN104 -> 0 | BU104: =+$BU$15*AO104 -> 0 | BV104: =+$BV$15*AP104 -> 0 | CA104: =+IF(H104>59,+SUM(AV104:BX104)*138.92%,0) -> 0 | CB104: =SUM(AV104:CA104) -> 0 | CE104: =-MIN(CB104,$CC$12)*$CD$15 -> 0 | CF104: =-IF(E104="FOTIA",(CB104-AZ104)*1%,(CB104-AZ104)*1.5%) -> 0 | CI104: =+IF(H104>59,0,(CB104*138.92%)) -> 0 | CJ104: =-MIN(CI104,$CC$12)*$CD$15 -> 0 | CK104: =-IF(E104="FOTIA",(CI104-BE104)*1%,(CI104-BE104)*1.5%) -> 0 | CL104: 0 | CN104: 0 | CZ104: =-SUM(CB104+CC104+CD104+CE104+CF104)*I104 -> 0 | DA104: =-SUM(CB104+CC104+CD104+CE104+CF104+CI104+CJ104+CK104)*J104 -> 0 | DB104: =SUM(CB104:DA104) -> 0 | DC104: =ROUND(DB104,0) -> 0 | DE104: =+DD104-DC104 -> 0
...

Sheet 1°Q 01 V2 CAMPO
W2: Cat. | X2: Basico | Y2: No Rem | Z2: Basico Conf. | AA2: Escalafon | AB2: escalafon NR | AC2: Escalafon Conf.
Q4: =+X4 -> 17212.41 | R4: =+Q4*155% -> 26679.235 | T4: =+R4+S4 -> 26679.235 | U4: =+U114 -> 0 | V4: =+Y4/X4*100 -> 138.91891 | W4: Q01 | X4: 17212.41 | Y4: =+Z4-X4 -> 23911.292 | Z4: 41123.702 | AA4: =+X4*0.3 -> 5163.723 | AB4: =+Y4*0.3 -> 7173.3876 | AC4: =+AA4+AB4 -> 12337.111
U5: =+Q4*218.75% -> 37652.147 | W5: Q02 | X5: 18004.12 | Y5: =+Z5-X5 -> 25011.121 | Z5: 43015.241 | AA5: =+X5*0.3 -> 5401.236 | AB5: =+Y5*0.3 -> 7503.3363 | AC5: =+AA5+AB5 -> 12904.572
Q6: =+Q4+R4 -> 43891.645 | R6: =+T4+Q4 -> 43891.645 | W6: Q03 | X6: 18329.51 | Y6: =+Z6-X6 -> 25463.165 | Z6: 43792.675 | AA6: =+X6*0.3 -> 5498.853 | AB6: =+Y6*0.3 -> 7638.9495 | AC6: =+AA6+AB6 -> 13137.802
R7: =+R6/Q6 -> 1 | W7: Q04 | X7: 19002.42 | Y7: =+Z7-X7 -> 26397.964 | Z7: 45400.384 | AA7: =+X7*0.3 -> 5700.726 | AB7: =+Y7*0.3 -> 7919.3891 | AC7: =+AA7+AB7 -> 13620.115
W8: Q05 | X8: 19415.57 | Y8: =+Z8-X8 -> 26971.888 | Z8: 46387.458 | AA8: =+X8*0.3 -> 5824.671 | AB8: =+Y8*0.3 -> 8091.5664 | AC8: =+AA8+AB8 -> 13916.237
W9: Q06 | X9: 20104.08 | Y9: =+Z9-X9 -> 27928.38 | Z9: 48032.46 | AA9: =+X9*0.3 -> 6031.224 | AB9: =+Y9*0.3 -> 8378.5141 | AC9: =+AA9+AB9 -> 14409.738
W10: Q07 | X10: 20964.69 | Y10: =+Z10-X10 -> 29123.932 | Z10: 50088.622 | AA10: =+X10*0.3 -> 6289.407 | AB10: =+Y10*0.3 -> 8737.1797 | AC10: =+AA10+AB10 -> 15026.587
W11: Q08 | X11: 21549.89 | Y11: =+Z11-X11 -> 29936.867 | Z11: 51486.757 | AA11: =+X11*0.3 -> 6464.967 | AB11: =+Y11*0.3 -> 8981.06 | AC11: =+AA11+AB11 -> 15446.027 | CC11: TOPE
A12: La Corona | CC12: =3645898/2 -> 1822949
X14: =+Y4/X4 -> 1.3891891 | BM14: 24365.48 | BS14: 1022 | BT14: 1023 | BU14: 1025 | BV14: 1026 | CL14: REINTMED | CO14: AYUMED
K15: LIQ | N15: 46037 | T15: 1003 | V15: 1061 | W15: 1009 | Y15: 1030 | Z15: 1072 | AB15: 1065 | AC15: 1066 | AD15: 1073 | AE15: 1304 | AH15: 1041 | AI15: 1007 | AK15: 1018 | AL15: 1019 | AM15: 1022 | AN15: 1023 | AO15: 1025 | AP15: 1026 | AQ15: 1108 | AR15: 1109 | AS15: 1110 | AT15: 1201 | AV15: 30 | AX15: 30 | AY15: 30 | AZ15: 0.01 | BF15: 1.5 | BG15: 2 | BM15: 19290.416 | BS15: 67.134 | BT15: 52.674 | BU15: 1.6226 | BV15: 2.5053 | BW15: 3.1374 | CC15: 0.11 | CD15: 0.03 | CE15: 0.03 | CG15: 0.03 | CL15: 1201 | CM15: 1220 | CN15: 2803 | CP15: 2895 | CQ15: 2896
A16: LEG SIS | B16: Leg. | C16: Sector | D16: Empleado | E16: sind | F16: OS FOTIA | G16: OSPAT | H16: Edad + 60 | I16: Pensión s/ Rem | J16: Pensión s/ No Rem | K16: Cat. I | L16: Cat. II | M16: Dif de Cat. | N16: Antigüedad | O16: Años reconocidos | P16: Escalafon | Q16: Básico Rem | R16: Basico No Rem | S16: Titulo | T16: Jornales | U16: Jornales a liq | V16: Dias de Enfermedad | W16: Feriado | X16: Feriado Trabajado | Y16: ART | Z16: Retiro Anticipado | AA16: HS Simples | AB16: Faltas c/ aviso | AC16: Faltas s/ aviso | AD16: Llegada tarde | AE16: Dias de Susp | AF16: Lic c/ Goce | AG16: Lic s/ Goce | AH16: Altura | AI16: Destajo | AJ16: Donacion de sangre | AK16: HS 50% | AL16: HS 100% | AM16: Dest.P/Bls $ 67.134 | AN16: Dest.P/Bls. $ 52.674 | AO16: Dest.P/Bls $ 1,6226 | AP16: Dest.P/Bls $ 2.5053 | AQ16: Dest.P/Bls $3.1374 | AR16: Presentismo | AS16: Premio Asist. | AT16: Reint de Mec | AU16: Total Jornales | AV16: Sueldo Basico | AW16: Dias de Enfermedad | AX16: Feriado | AY16: Feriado Trabajado | AZ16: ART | BA16: Retiro Anticipado | BB16: HS Simples | BC16: Faltas c/ aviso | BD16: Faltas s/ aviso | BE16: Llegada tarde | BF16: Dias de Susp | BG16: Lic c/ Goce | BH16: Lic s/ Goce | BI16: Destajo | BJ16: Altura | BK16: Donacion de Sangre | BL16: Escalafon | BM16: Titulo | BN16: Presentismo | BO16: Dedicación (clc) | BP16: Dif. De Cat. | BQ16: HS 50% | BR16: HS 100% | BS16: Dest.P/Bls $ 67.134 | BT16: Dest.P/Bls. $ 52.674 | BU16: Dest.P/Bls $ 1,6226 | BV16: Dest.P/Bls $ 2.5053 | BW16: Dest.P/Bls $3.1374 | BX16: 1200 - Dif + VsX/ Importe Concepto | BY16: Ajuste 1ra. Qna. | BZ16: Ajuste 2da. Qna. | CA16: NR > 60 | CB16: Bruto Total | CC16: Jubilación | CD16: Ley 19.032 | CE16: Obra social | CF16: Sindicato | CG16: Adic. De O.S. | CH16: Club Azucarera Arg | CI16: No Remunerativo | CJ16: O.S. NR | CK16: Sindicato NR | CL16: Reintegro de Medicamentos | CM16: Tickey Canasta | CN16: Fotia Ayuda Medica | CO16: Feia Ayuda Medica | CP16: Socorro Social Cuota | CQ16: Socorro Social Ap | CR16: Dif+VsX | CS16: Embargos | CT16: Pensiones | CU16: Club Azucarera | CV16: Fotia Ayuda Econ. | CW16: Colecta | CX16: Coleta II | CY16: Anticipos | CZ16: Pensión s/ Rem | DA16: Pensión s/ No Rem | DB16: Neto | DC16: Neto | DD16: Sistema | DE16: Diferencia
A18: =500000+B18 -> 509831 | B18: 9831 | C18: CAMPO | D18: ABREGU CRISTIAN ARIEL | E18: FOTIA | F18: 0 | K18: Q02 | O18: 0 | P18: =+VLOOKUP(K18,$W$4:$AC$11,5,0) -> 5401.236 | Q18: =+VLOOKUP(K18,$W$4:$Z$11,2,0) -> 18004.12 | R18: =+VLOOKUP(K18,$W$4:$Y$11,3,0) -> 25011.121 | AA18: 4 | AB18: 0 | AD18: 0 | AE18: 0 | AF18: 0 | AG18: 0 | AH18: 0 | AI18: 0 | AU18: =+U18+V18+W18+Y18-Z18-AB18-AC18-AD18-AE18+AF18-AG18+AJ18 -> 0 | AV18: =+Q18*U18 -> 0 | AW18: =+Q18*V18 -> 0 | AX18: =+Q18*W18 -> 0 | AY18: =+Q18*X18 -> 0 | AZ18: =+(Q18*1.0833*Y18)+((P18*O18)/25*Y18) -> 0 | BA18: =-Q18/8*Z18 -> 0 | BB18: =+Q18/8*AA18 -> 9002.06 | BC18: =-Q18*AB18 -> 0 | BD18: =-Q18*AC18 -> 0 | BE18: =-Q18/8*AD18 -> 0 | BF18: =-Q18*AE18 -> 0 | BG18: =+Q18*AF18 -> 0 | BH18: =-Q18*AG18 -> 0 | BI18: =+Q18*AI18 -> 0 | BJ18: =+Q18*AH18 -> 0 | BK18: =+Q18*AJ18 -> 0 | BL18: =+(P18*O18)/25*(U18+V18+W18-Z18-AB18-AC18-AD18-AE18+AF18-AG18) -> 0 | BM18: =+$BM$15/25*(U18+V18+Y18+AF18+AH18+AI18)*0 -> 0 | BP18: =+M18*(AU18+AH18+AI18) -> 0 | BS18: =+$BS$15*AM18 -> 0 | BT18: =+$BT$15*AN18 -> 0 | BU18: =+$BU$15*AO18 -> 0 | BV18: =+$BV$15*AP18 -> 0 | CA18: =+IF(H18>59,+SUM(AV18:BX18)*138.92%,0) -> 0 | CB18: =SUM(AV18:CA18) -> 9002.06 | CE18: =-MIN(CB18,$CC$12)*$CD$15 -> -270.0618 | CF18: =-IF(E18="FOTIA",(CB18-AZ18)*1%,(CB18-AZ18)*1.5%) -> -90.0206 | CI18: =+IF(H18>59,0,(CB18*138.92%)) -> 12505.662 | CJ18: =-MIN(CI18,$CC$12)*$CD$15 -> -375.16985 | CK18: =-IF(E18="FOTIA",(CI18-BE18)*1%,(CI18-BE18)*1.5%) -> -125.05662 | CZ18: =-SUM(CB18+CC18+CD18+CE18+CF18)*I18 -> 0 | DA18: =-SUM(CB18+CC18+CD18+CE18+CF18+CI18+CJ18+CK18)*J18 -> 0 | DB18: =SUM(CB18:DA18) -> 20647.413 | DC18: =ROUND(DB18,0) -> 20647 | DE18: =+DD18-DC18 -> -20647
A19: =500000+B19 -> 509850 | B19: 9850 | C19: CAMPO | D19: ALEGRE FRANCO RODRIGO | E19: FOTIA | F19: 0 | K19: Q02 | O19: 0 | P19: =+VLOOKUP(K19,$W$4:$AC$11,5,0) -> 5401.236 | Q19: =+VLOOKUP(K19,$W$4:$Z$11,2,0) -> 18004.12 | R19: =+VLOOKUP(K19,$W$4:$Y$11,3,0) -> 25011.121 | AA19: 0 | AB19: 0 | AD19: 0 | AE19: 0 | AF19: 0 | AG19: 0 | AH19: 0 | AI19: 0 | AU19: =+U19+V19+W19+Y19-Z19-AB19-AC19-AD19-AE19+AF19-AG19+AJ19 -> 0 | AV19: =+Q19*U19 -> 0 | AW19: =+Q19*V19 -> 0 | AX19: =+Q19*W19 -> 0 | AY19: =+Q19*X19 -> 0 | AZ19: =+(Q19*1.0833*Y19)+((P19*O19)/25*Y19) -> 0 | BA19: =-Q19/8*Z19 -> 0 | BB19: =+Q19/8*AA19 -> 0 | BC19: =-Q19*AB19 -> 0 | BD19: =-Q19*AC19 -> 0 | BE19: =-Q19/8*AD19 -> 0 | BF19: =-Q19*AE19 -> 0 | BG19: =+Q19*AF19 -> 0 | BH19: =-Q19*AG19 -> 0 | BI19: =+Q19*AI19 -> 0 | BJ19: =+Q19*AH19 -> 0 | BK19: =+Q19*AJ19 -> 0 | BL19: =+(P19*O19)/25*(U19+V19+W19-Z19-AB19-AC19-AD19-AE19+AF19-AG19) -> 0 | BM19: =+$BM$15/25*(U19+V19+Y19+AF19+AH19+AI19)*0 -> 0 | BP19: =+M19*(AU19+AH19+AI19) -> 0 | BS19: =+$BS$15*AM19 -> 0 | BT19: =+$BT$15*AN19 -> 0 | BU19: =+$BU$15*AO19 -> 0 | BV19: =+$BV$15*AP19 -> 0 | CA19: =+IF(H19>59,+SUM(AV19:BX19)*138.92%,0) -> 0 | CB19: =SUM(AV19:CA19) -> 0 | CE19: =-MIN(CB19,$CC$12)*$CD$15 -> 0 | CF19: =-IF(E19="FOTIA",(CB19-AZ19)*1%,(CB19-AZ19)*1.5%) -> 0 | CI19: =+IF(H19>59,0,(CB19*138.92%)) -> 0 | CJ19: =-MIN(CI19,$CC$12)*$CD$15 -> 0 | CK19: =-IF(E19="FOTIA",(CI19-BE19)*1%,(CI19-BE19)*1.5%) -> 0 | CZ19: =-SUM(CB19+CC19+CD19+CE19+CF19)*I19 -> 0 | DA19: =-SUM(CB19+CC19+CD19+CE19+CF19+CI19+CJ19+CK19)*J19 -> 0 | DB19: =SUM(CB19:DA19) -> 0 | DC19: =ROUND(DB19,0) -> 0 | DE19: =+DD19-DC19 -> 0
A20: =500000+B20 -> 509743 | B20: 9743 | C20: CAMPO | D20: ALEMAN FELIX OMAR | E20: FOTIA | F20: 0 | H20: 63 | K20: Q06 | O20: 3 | P20: =+VLOOKUP(K20,$W$4:$AC$11,5,0) -> 6031.224 | Q20: =+VLOOKUP(K20,$W$4:$Z$11,2,0) -> 20104.08 | R20: =+VLOOKUP(K20,$W$4:$Y$11,3,0) -> 27928.38 | AA20: 0 | AB20: 0 | AD20: 0 | AE20: 0 | AF20: 0 | AG20: 0 | AH20: 0 | AI20: 0 | AU20: =+U20+V20+W20+Y20-Z20-AB20-AC20-AD20-AE20+AF20-AG20+AJ20 -> 0 | AV20: =+Q20*U20 -> 0 | AW20: =+Q20*V20 -> 0 | AX20: =+Q20*W20 -> 0 | AY20: =+Q20*X20 -> 0 | AZ20: =+(Q20*1.0833*Y20)+((P20*O20)/25*Y20) -> 0 | BA20: =-Q20/8*Z20 -> 0 | BB20: =+Q20/8*AA20 -> 0 | BC20: =-Q20*AB20 -> 0 | BD20: =-Q20*AC20 -> 0 | BE20: =-Q20/8*AD20 -> 0 | BF20: =-Q20*AE20 -> 0 | BG20: =+Q20*AF20 -> 0 | BH20: =-Q20*AG20 -> 0 | BI20: =+Q20*AI20 -> 0 | BJ20: =+Q20*AH20 -> 0 | BK20: =+Q20*AJ20 -> 0 | BL20: =+(P20*O20)/25*(U20+V20+W20-Z20-AB20-AC20-AD20-AE20+AF20-AG20) -> 0 | BM20: =+$BM$15/25*(U20+V20+Y20+AF20+AH20+AI20)*0 -> 0 | BP20: =+M20*(AU20+AH20+AI20) -> 0 | BS20: =+$BS$15*AM20 -> 0 | BT20: =+$BT$15*AN20 -> 0 | BU20: =+$BU$15*AO20 -> 0 | BV20: =+$BV$15*AP20 -> 0 | CA20: =+IF(H20>59,+SUM(AV20:BX20)*138.92%,0) -> 0 | CB20: =SUM(AV20:CA20) -> 0 | CE20: =-MIN(CB20,$CC$12)*$CD$15 -> 0 | CF20: =-IF(E20="FOTIA",(CB20-AZ20)*1%,(CB20-AZ20)*1.5%) -> 0 | CI20: =+IF(H20>59,0,(CB20*138.92%)) -> 0 | CJ20: =-MIN(CI20,$CC$12)*$CD$15 -> 0 | CK20: =-IF(E20="FOTIA",(CI20-BE20)*1%,(CI20-BE20)*1.5%) -> 0 | CZ20: =-SUM(CB20+CC20+CD20+CE20+CF20)*I20 -> 0 | DA20: =-SUM(CB20+CC20+CD20+CE20+CF20+CI20+CJ20+CK20)*J20 -> 0 | DB20: =SUM(CB20:DA20) -> 0 | DC20: =ROUND(DB20,0) -> 0 | DE20: =+DD20-DC20 -> 0
A21: =500000+B21 -> 509759 | B21: 9759 | C21: CAMPO | D21: ARAGON ADRIAN ALEJANDRO | E21: FOTIA | F21: 0 | K21: Q04 | O21: 3 | P21: =+VLOOKUP(K21,$W$4:$AC$11,5,0) -> 5700.726 | Q21: =+VLOOKUP(K21,$W$4:$Z$11,2,0) -> 19002.42 | R21: =+VLOOKUP(K21,$W$4:$Y$11,3,0) -> 26397.964 | AA21: 4 | AB21: 0 | AD21: 0 | AE21: 0 | AF21: 0 | AG21: 0 | AH21: 0 | AI21: 0 | AU21: =+U21+V21+W21+Y21-Z21-AB21-AC21-AD21-AE21+AF21-AG21+AJ21 -> 0 | AV21: =+Q21*U21 -> 0 | AW21: =+Q21*V21 -> 0 | AX21: =+Q21*W21 -> 0 | AY21: =+Q21*X21 -> 0 | AZ21: =+(Q21*1.0833*Y21)+((P21*O21)/25*Y21) -> 0 | BA21: =-Q21/8*Z21 -> 0 | BB21: =+Q21/8*AA21 -> 9501.21 | BC21: =-Q21*AB21 -> 0 | BD21: =-Q21*AC21 -> 0 | BE21: =-Q21/8*AD21 -> 0 | BF21: =-Q21*AE21 -> 0 | BG21: =+Q21*AF21 -> 0 | BH21: =-Q21*AG21 -> 0 | BI21: =+Q21*AI21 -> 0 | BJ21: =+Q21*AH21 -> 0 | BK21: =+Q21*AJ21 -> 0 | BL21: =+(P21*O21)/25*(U21+V21+W21-Z21-AB21-AC21-AD21-AE21+AF21-AG21) -> 0 | BM21: =+$BM$15/25*(U21+V21+Y21+AF21+AH21+AI21)*0 -> 0 | BP21: =+M21*(AU21+AH21+AI21) -> 0 | BS21: =+$BS$15*AM21 -> 0 | BT21: =+$BT$15*AN21 -> 0 | BU21: =+$BU$15*AO21 -> 0 | BV21: =+$BV$15*AP21 -> 0 | CA21: =+IF(H21>59,+SUM(AV21:BX21)*138.92%,0) -> 0 | CB21: =SUM(AV21:CA21) -> 9501.21 | CE21: =-MIN(CB21,$CC$12)*$CD$15 -> -285.0363 | CF21: =-IF(E21="FOTIA",(CB21-AZ21)*1%,(CB21-AZ21)*1.5%) -> -95.0121 | CI21: =+IF(H21>59,0,(CB21*138.92%)) -> 13199.081 | CJ21: =-MIN(CI21,$CC$12)*$CD$15 -> -395.97243 | CK21: =-IF(E21="FOTIA",(CI21-BE21)*1%,(CI21-BE21)*1.5%) -> -131.99081 | CZ21: =-SUM(CB21+CC21+CD21+CE21+CF21)*I21 -> 0 | DA21: =-SUM(CB21+CC21+CD21+CE21+CF21+CI21+CJ21+CK21)*J21 -> 0 | DB21: =SUM(CB21:DA21) -> 21792.279 | DC21: =ROUND(DB21,0) -> 21792 | DE21: =+DD21-DC21 -> -21792
A22: =500000+B22 -> 509746 | B22: 9746 | C22: CAMPO | D22: ARAGON JOSE ADRIAN | E22: FOTIA | F22: 0 | K22: Q04 | O22: 2 | P22: =+VLOOKUP(K22,$W$4:$AC$11,5,0) -> 5700.726 | Q22: =+VLOOKUP(K22,$W$4:$Z$11,2,0) -> 19002.42 | R22: =+VLOOKUP(K22,$W$4:$Y$11,3,0) -> 26397.964 | AA22: 15 | AB22: 0 | AD22: 0 | AE22: 0 | AF22: 0 | AG22: 0 | AH22: 0 | AI22: 3.125 | AU22: =+U22+V22+W22+Y22-Z22-AB22-AC22-AD22-AE22+AF22-AG22+AJ22 -> 0 | AV22: =+Q22*U22 -> 0 | AW22: =+Q22*V22 -> 0 | AX22: =+Q22*W22 -> 0 | AY22: =+Q22*X22 -> 0 | AZ22: =+(Q22*1.0833*Y22)+((P22*O22)/25*Y22) -> 0 | BA22: =-Q22/8*Z22 -> 0 | BB22: =+Q22/8*AA22 -> 35629.537 | BC22: =-Q22*AB22 -> 0 | BD22: =-Q22*AC22 -> 0 | BE22: =-Q22/8*AD22 -> 0 | BF22: =-Q22*AE22 -> 0 | BG22: =+Q22*AF22 -> 0 | BH22: =-Q22*AG22 -> 0 | BI22: =+Q22*AI22 -> 59382.562 | BJ22: =+Q22*AH22 -> 0 | BK22: =+Q22*AJ22 -> 0 | BL22: =+(P22*O22)/25*(U22+V22+W22-Z22-AB22-AC22-AD22-AE22+AF22-AG22) -> 0 | BM22: =+$BM$15/25*(U22+V22+Y22+AF22+AH22+AI22)*0 -> 0 | BP22: =+M22*(AU22+AH22+AI22) -> 0 | BS22: =+$BS$15*AM22 -> 0 | BT22: =+$BT$15*AN22 -> 0 | BU22: =+$BU$15*AO22 -> 0 | BV22: =+$BV$15*AP22 -> 0 | CA22: =+IF(H22>59,+SUM(AV22:BX22)*138.92%,0) -> 0 | CB22: =SUM(AV22:CA22) -> 95012.1 | CE22: =-MIN(CB22,$CC$12)*$CD$15 -> -2850.363 | CF22: =-IF(E22="FOTIA",(CB22-AZ22)*1%,(CB22-AZ22)*1.5%) -> -950.121 | CI22: =+IF(H22>59,0,(CB22*138.92%)) -> 131990.81 | CJ22: =-MIN(CI22,$CC$12)*$CD$15 -> -3959.7243 | CK22: =-IF(E22="FOTIA",(CI22-BE22)*1%,(CI22-BE22)*1.5%) -> -1319.9081 | CZ22: =-SUM(CB22+CC22+CD22+CE22+CF22)*I22 -> 0 | DA22: =-SUM(CB22+CC22+CD22+CE22+CF22+CI22+CJ22+CK22)*J22 -> 0 | DB22: =SUM(CB22:DA22) -> 217922.79 | DC22: =ROUND(DB22,0) -> 217923 | DE22: =+DD22-DC22 -> -217923
A23: =500000+B23 -> 509639 | B23: 9639 | C23: CAMPO | D23: ARAGON VICTOR DANIEL | E23: FEIA | F23: 3 | K23: Q04 | O23: 10 | P23: =+VLOOKUP(K23,$W$4:$AC$11,5,0) -> 5700.726 | Q23: =+VLOOKUP(K23,$W$4:$Z$11,2,0) -> 19002.42 | R23: =+VLOOKUP(K23,$W$4:$Y$11,3,0) -> 26397.964 | AA23: 0 | AB23: 0 | AD23: 0 | AE23: 0 | AF23: 0 | AG23: 0 | AH23: 0 | AI23: 0 | AU23: =+U23+V23+W23+Y23-Z23-AB23-AC23-AD23-AE23+AF23-AG23+AJ23 -> 0 | AV23: =+Q23*U23 -> 0 | AW23: =+Q23*V23 -> 0 | AX23: =+Q23*W23 -> 0 | AY23: =+Q23*X23 -> 0 | AZ23: =+(Q23*1.0833*Y23)+((P23*O23)/25*Y23) -> 0 | BA23: =-Q23/8*Z23 -> 0 | BB23: =+Q23/8*AA23 -> 0 | BC23: =-Q23*AB23 -> 0 | BD23: =-Q23*AC23 -> 0 | BE23: =-Q23/8*AD23 -> 0 | BF23: =-Q23*AE23 -> 0 | BG23: =+Q23*AF23 -> 0 | BH23: =-Q23*AG23 -> 0 | BI23: =+Q23*AI23 -> 0 | BJ23: =+Q23*AH23 -> 0 | BK23: =+Q23*AJ23 -> 0 | BL23: =+(P23*O23)/25*(U23+V23+W23-Z23-AB23-AC23-AD23-AE23+AF23-AG23) -> 0 | BM23: =+$BM$15/25*(U23+V23+Y23+AF23+AH23+AI23)*0 -> 0 | BP23: =+M23*(AU23+AH23+AI23) -> 0 | BS23: =+$BS$15*AM23 -> 0 | BT23: =+$BT$15*AN23 -> 0 | BU23: =+$BU$15*AO23 -> 0 | BV23: =+$BV$15*AP23 -> 0 | CA23: =+IF(H23>59,+SUM(AV23:BX23)*138.92%,0) -> 0 | CB23: =SUM(AV23:CA23) -> 0 | CE23: =-MIN(CB23,$CC$12)*$CD$15 -> 0 | CF23: =-IF(E23="FOTIA",(CB23-AZ23)*1%,(CB23-AZ23)*1.5%) -> 0 | CI23: =+IF(H23>59,0,(CB23*138.92%)) -> 0 | CJ23: =-MIN(CI23,$CC$12)*$CD$15 -> 0 | CK23: =-IF(E23="FOTIA",(CI23-BE23)*1%,(CI23-BE23)*1.5%) -> 0 | CZ23: =-SUM(CB23+CC23+CD23+CE23+CF23)*I23 -> 0 | DA23: =-SUM(CB23+CC23+CD23+CE23+CF23+CI23+CJ23+CK23)*J23 -> 0 | DB23: =SUM(CB23:DA23) -> 0 | DC23: =ROUND(DB23,0) -> 0 | DE23: =+DD23-DC23 -> 0
A24: =500000+B24 -> 509652 | B24: 9652 | C24: CAMPO | D24: ARAUJO RODRIGO SEBASTIAN | E24: FEIA | F24: 3 | K24: Q04 | O24: 7 | P24: =+VLOOKUP(K24,$W$4:$AC$11,5,0) -> 5700.726 | Q24: =+VLOOKUP(K24,$W$4:$Z$11,2,0) -> 19002.42 | R24: =+VLOOKUP(K24,$W$4:$Y$11,3,0) -> 26397.964 | AA24: 15 | AB24: 0 | AD24: 0 | AE24: 0 | AF24: 0 | AG24: 0 | AH24: 0 | AI24: 1.125 | AU24: =+U24+V24+W24+Y24-Z24-AB24-AC24-AD24-AE24+AF24-AG24+AJ24 -> 0 | AV24: =+Q24*U24 -> 0 | AW24: =+Q24*V24 -> 0 | AX24: =+Q24*W24 -> 0 | AY24: =+Q24*X24 -> 0 | AZ24: =+(Q24*1.0833*Y24)+((P24*O24)/25*Y24) -> 0 | BA24: =-Q24/8*Z24 -> 0 | BB24: =+Q24/8*AA24 -> 35629.537 | BC24: =-Q24*AB24 -> 0 | BD24: =-Q24*AC24 -> 0 | BE24: =-Q24/8*AD24 -> 0 | BF24: =-Q24*AE24 -> 0 | BG24: =+Q24*AF24 -> 0 | BH24: =-Q24*AG24 -> 0 | BI24: =+Q24*AI24 -> 21377.722 | BJ24: =+Q24*AH24 -> 0 | BK24: =+Q24*AJ24 -> 0 | BL24: =+(P24*O24)/25*(U24+V24+W24-Z24-AB24-AC24-AD24-AE24+AF24-AG24) -> 0 | BM24: =+$BM$15/25*(U24+V24+Y24+AF24+AH24+AI24)*0 -> 0 | BP24: =+M24*(AU24+AH24+AI24) -> 0 | BS24: =+$BS$15*AM24 -> 0 | BT24: =+$BT$15*AN24 -> 0 | BU24: =+$BU$15*AO24 -> 0 | BV24: =+$BV$15*AP24 -> 0 | CA24: =+IF(H24>59,+SUM(AV24:BX24)*138.92%,0) -> 0 | CB24: =SUM(AV24:CA24) -> 57007.26 | CE24: =-MIN(CB24,$CC$12)*$CD$15 -> -1710.2178 | CF24: =-IF(E24="FOTIA",(CB24-AZ24)*1%,(CB24-AZ24)*1.5%) -> -855.1089 | CI24: =+IF(H24>59,0,(CB24*138.92%)) -> 79194.486 | CJ24: =-MIN(CI24,$CC$12)*$CD$15 -> -2375.8346 | CK24: =-IF(E24="FOTIA",(CI24-BE24)*1%,(CI24-BE24)*1.5%) -> -1187.9173 | CZ24: =-SUM(CB24+CC24+CD24+CE24+CF24)*I24 -> 0 | DA24: =-SUM(CB24+CC24+CD24+CE24+CF24+CI24+CJ24+CK24)*J24 -> 0 | DB24: =SUM(CB24:DA24) -> 130072.67 | DC24: =ROUND(DB24,0) -> 130073 | DE24: =+DD24-DC24 -> -130073
A25: =500000+B25 -> 509833 | B25: 9833 | C25: CAMPO | D25: ARCE MARIO ALBERTO | E25: FOTIA | F25: 0 | K25: Q02 | O25: 0 | P25: =+VLOOKUP(K25,$W$4:$AC$11,5,0) -> 5401.236 | Q25: =+VLOOKUP(K25,$W$4:$Z$11,2,0) -> 18004.12 | R25: =+VLOOKUP(K25,$W$4:$Y$11,3,0) -> 25011.121 | AA25: 15 | AB25: 0 | AD25: 0 | AE25: 0 | AF25: 0 | AG25: 0 | AH25: 0 | AI25: 4.25 | AU25: =+U25+V25+W25+Y25-Z25-AB25-AC25-AD25-AE25+AF25-AG25+AJ25 -> 0 | AV25: =+Q25*U25 -> 0 | AW25: =+Q25*V25 -> 0 | AX25: =+Q25*W25 -> 0 | AY25: =+Q25*X25 -> 0 | AZ25: =+(Q25*1.0833*Y25)+((P25*O25)/25*Y25) -> 0 | BA25: =-Q25/8*Z25 -> 0 | BB25: =+Q25/8*AA25 -> 33757.725 | BC25: =-Q25*AB25 -> 0 | BD25: =-Q25*AC25 -> 0 | BE25: =-Q25/8*AD25 -> 0 | BF25: =-Q25*AE25 -> 0 | BG25: =+Q25*AF25 -> 0 | BH25: =-Q25*AG25 -> 0 | BI25: =+Q25*AI25 -> 76517.51 | BJ25: =+Q25*AH25 -> 0 | BK25: =+Q25*AJ25 -> 0 | BL25: =+(P25*O25)/25*(U25+V25+W25-Z25-AB25-AC25-AD25-AE25+AF25-AG25) -> 0 | BM25: =+$BM$15/25*(U25+V25+Y25+AF25+AH25+AI25)*0 -> 0 | BP25: =+M25*(AU25+AH25+AI25) -> 0 | BS25: =+$BS$15*AM25 -> 0 | BT25: =+$BT$15*AN25 -> 0 | BU25: =+$BU$15*AO25 -> 0 | BV25: =+$BV$15*AP25 -> 0 | CA25: =+IF(H25>59,+SUM(AV25:BX25)*138.92%,0) -> 0 | CB25: =SUM(AV25:CA25) -> 110275.23 | CE25: =-MIN(CB25,$CC$12)*$CD$15 -> -3308.257 | CF25: =-IF(E25="FOTIA",(CB25-AZ25)*1%,(CB25-AZ25)*1.5%) -> -1102.7523 | CI25: =+IF(H25>59,0,(CB25*138.92%)) -> 153194.36 | CJ25: =-MIN(CI25,$CC$12)*$CD$15 -> -4595.8307 | CK25: =-IF(E25="FOTIA",(CI25-BE25)*1%,(CI25-BE25)*1.5%) -> -1531.9436 | CZ25: =-SUM(CB25+CC25+CD25+CE25+CF25)*I25 -> 0 | DA25: =-SUM(CB25+CC25+CD25+CE25+CF25+CI25+CJ25+CK25)*J25 -> 0 | DB25: =SUM(CB25:DA25) -> 252930.81 | DC25: =ROUND(DB25,0) -> 252931 | DE25: =+DD25-DC25 -> -252931
A26: =500000+B26 -> 509812 | B26: 9812 | C26: CAMPO | D26: ARGAÑARAZ FRANCO IVAN | E26: FOTIA | F26: 0 | K26: Q02 | O26: 0 | P26: =+VLOOKUP(K26,$W$4:$AC$11,5,0) -> 5401.236 | Q26: =+VLOOKUP(K26,$W$4:$Z$11,2,0) -> 18004.12 | R26: =+VLOOKUP(K26,$W$4:$Y$11,3,0) -> 25011.121 | AA26: 15 | AB26: 0 | AD26: 0 | AE26: 0 | AF26: 0 | AG26: 0 | AH26: 0 | AI26: 0.625 | AU26: =+U26+V26+W26+Y26-Z26-AB26-AC26-AD26-AE26+AF26-AG26+AJ26 -> 0 | AV26: =+Q26*U26 -> 0 | AW26: =+Q26*V26 -> 0 | AX26: =+Q26*W26 -> 0 | AY26: =+Q26*X26 -> 0 | AZ26: =+(Q26*1.0833*Y26)+((P26*O26)/25*Y26) -> 0 | BA26: =-Q26/8*Z26 -> 0 | BB26: =+Q26/8*AA26 -> 33757.725 | BC26: =-Q26*AB26 -> 0 | BD26: =-Q26*AC26 -> 0 | BE26: =-Q26/8*AD26 -> 0 | BF26: =-Q26*AE26 -> 0 | BG26: =+Q26*AF26 -> 0 | BH26: =-Q26*AG26 -> 0 | BI26: =+Q26*AI26 -> 11252.575 | BJ26: =+Q26*AH26 -> 0 | BK26: =+Q26*AJ26 -> 0 | BL26: =+(P26*O26)/25*(U26+V26+W26-Z26-AB26-AC26-AD26-AE26+AF26-AG26) -> 0 | BM26: =+$BM$15/25*(U26+V26+Y26+AF26+AH26+AI26)*0 -> 0 | BP26: =+M26*(AU26+AH26+AI26) -> 0 | BS26: =+$BS$15*AM26 -> 0 | BT26: =+$BT$15*AN26 -> 0 | BU26: =+$BU$15*AO26 -> 0 | BV26: =+$BV$15*AP26 -> 0 | CA26: =+IF(H26>59,+SUM(AV26:BX26)*138.92%,0) -> 0 | CB26: =SUM(AV26:CA26) -> 45010.3 | CE26: =-MIN(CB26,$CC$12)*$CD$15 -> -1350.309 | CF26: =-IF(E26="FOTIA",(CB26-AZ26)*1%,(CB26-AZ26)*1.5%) -> -450.103 | CI26: =+IF(H26>59,0,(CB26*138.92%)) -> 62528.309 | CJ26: =-MIN(CI26,$CC$12)*$CD$15 -> -1875.8493 | CK26: =-IF(E26="FOTIA",(CI26-BE26)*1%,(CI26-BE26)*1.5%) -> -625.28309 | CZ26: =-SUM(CB26+CC26+CD26+CE26+CF26)*I26 -> 0 | DA26: =-SUM(CB26+CC26+CD26+CE26+CF26+CI26+CJ26+CK26)*J26 -> 0 | DB26: =SUM(CB26:DA26) -> 103237.06 | DC26: =ROUND(DB26,0) -> 103237 | DE26: =+DD26-DC26 -> -103237
A27: =500000+B27 -> 509832 | B27: 9832 | C27: CAMPO | D27: ARGAÑARAZ RODRIGO ALBERTO | E27: FOTIA | F27: 0 | K27: Q02 | O27: 0 | P27: =+VLOOKUP(K27,$W$4:$AC$11,5,0) -> 5401.236 | Q27: =+VLOOKUP(K27,$W$4:$Z$11,2,0) -> 18004.12 | R27: =+VLOOKUP(K27,$W$4:$Y$11,3,0) -> 25011.121 | AA27: 15 | AB27: 0 | AD27: 0 | AE27: 0 | AF27: 0 | AG27: 0 | AH27: 0 | AI27: 3.5 | AU27: =+U27+V27+W27+Y27-Z27-AB27-AC27-AD27-AE27+AF27-AG27+AJ27 -> 0 | AV27: =+Q27*U27 -> 0 | AW27: =+Q27*V27 -> 0 | AX27: =+Q27*W27 -> 0 | AY27: =+Q27*X27 -> 0 | AZ27: =+(Q27*1.0833*Y27)+((P27*O27)/25*Y27) -> 0 | BA27: =-Q27/8*Z27 -> 0 | BB27: =+Q27/8*AA27 -> 33757.725 | BC27: =-Q27*AB27 -> 0 | BD27: =-Q27*AC27 -> 0 | BE27: =-Q27/8*AD27 -> 0 | BF27: =-Q27*AE27 -> 0 | BG27: =+Q27*AF27 -> 0 | BH27: =-Q27*AG27 -> 0 | BI27: =+Q27*AI27 -> 63014.42 | BJ27: =+Q27*AH27 -> 0 | BK27: =+Q27*AJ27 -> 0 | BL27: =+(P27*O27)/25*(U27+V27+W27-Z27-AB27-AC27-AD27-AE27+AF27-AG27) -> 0 | BM27: =+$BM$15/25*(U27+V27+Y27+AF27+AH27+AI27)*0 -> 0 | BP27: =+M27*(AU27+AH27+AI27) -> 0 | BS27: =+$BS$15*AM27 -> 0 | BT27: =+$BT$15*AN27 -> 0 | BU27: =+$BU$15*AO27 -> 0 | BV27: =+$BV$15*AP27 -> 0 | CA27: =+IF(H27>59,+SUM(AV27:BX27)*138.92%,0) -> 0 | CB27: =SUM(AV27:CA27) -> 96772.145 | CE27: =-MIN(CB27,$CC$12)*$CD$15 -> -2903.1643 | CF27: =-IF(E27="FOTIA",(CB27-AZ27)*1%,(CB27-AZ27)*1.5%) -> -967.72145 | CI27: =+IF(H27>59,0,(CB27*138.92%)) -> 134435.86 | CJ27: =-MIN(CI27,$CC$12)*$CD$15 -> -4033.0759 | CK27: =-IF(E27="FOTIA",(CI27-BE27)*1%,(CI27-BE27)*1.5%) -> -1344.3586 | CZ27: =-SUM(CB27+CC27+CD27+CE27+CF27)*I27 -> 0 | DA27: =-SUM(CB27+CC27+CD27+CE27+CF27+CI27+CJ27+CK27)*J27 -> 0 | DB27: =SUM(CB27:DA27) -> 221959.69 | DC27: =ROUND(DB27,0) -> 221960 | DE27: =+DD27-DC27 -> -221960
A28: =500000+B28 -> 509653 | B28: 9653 | C28: CAMPO | D28: ARGAÑARAZ SERGIO VICTOR | E28: FEIA | F28: 3 | K28: Q04 | O28: 7 | P28: =+VLOOKUP(K28,$W$4:$AC$11,5,0) -> 5700.726 | Q28: =+VLOOKUP(K28,$W$4:$Z$11,2,0) -> 19002.42 | R28: =+VLOOKUP(K28,$W$4:$Y$11,3,0) -> 26397.964 | AA28: 0 | AB28: 0 | AD28: 0 | AE28: 0 | AF28: 0 | AG28: 0 | AH28: 0 | AI28: 0 | AU28: =+U28+V28+W28+Y28-Z28-AB28-AC28-AD28-AE28+AF28-AG28+AJ28 -> 0 | AV28: =+Q28*U28 -> 0 | AW28: =+Q28*V28 -> 0 | AX28: =+Q28*W28 -> 0 | AY28: =+Q28*X28 -> 0 | AZ28: =+(Q28*1.0833*Y28)+((P28*O28)/25*Y28) -> 0 | BA28: =-Q28/8*Z28 -> 0 | BB28: =+Q28/8*AA28 -> 0 | BC28: =-Q28*AB28 -> 0 | BD28: =-Q28*AC28 -> 0 | BE28: =-Q28/8*AD28 -> 0 | BF28: =-Q28*AE28 -> 0 | BG28: =+Q28*AF28 -> 0 | BH28: =-Q28*AG28 -> 0 | BI28: =+Q28*AI28 -> 0 | BJ28: =+Q28*AH28 -> 0 | BK28: =+Q28*AJ28 -> 0 | BL28: =+(P28*O28)/25*(U28+V28+W28-Z28-AB28-AC28-AD28-AE28+AF28-AG28) -> 0 | BM28: =+$BM$15/25*(U28+V28+Y28+AF28+AH28+AI28)*0 -> 0 | BP28: =+M28*(AU28+AH28+AI28) -> 0 | BS28: =+$BS$15*AM28 -> 0 | BT28: =+$BT$15*AN28 -> 0 | BU28: =+$BU$15*AO28 -> 0 | BV28: =+$BV$15*AP28 -> 0 | CA28: =+IF(H28>59,+SUM(AV28:BX28)*138.92%,0) -> 0 | CB28: =SUM(AV28:CA28) -> 0 | CE28: =-MIN(CB28,$CC$12)*$CD$15 -> 0 | CF28: =-IF(E28="FOTIA",(CB28-AZ28)*1%,(CB28-AZ28)*1.5%) -> 0 | CI28: =+IF(H28>59,0,(CB28*138.92%)) -> 0 | CJ28: =-MIN(CI28,$CC$12)*$CD$15 -> 0 | CK28: =-IF(E28="FOTIA",(CI28-BE28)*1%,(CI28-BE28)*1.5%) -> 0 | CZ28: =-SUM(CB28+CC28+CD28+CE28+CF28)*I28 -> 0 | DA28: =-SUM(CB28+CC28+CD28+CE28+CF28+CI28+CJ28+CK28)*J28 -> 0 | DB28: =SUM(CB28:DA28) -> 0 | DC28: =ROUND(DB28,0) -> 0 | DE28: =+DD28-DC28 -> 0
A29: =500000+B29 -> 509643 | B29: 9643 | C29: CAMPO | D29: ARIAS HORACIO OSCAR | E29: FEIA | F29: 3 | K29: Q04 | O29: 9 | P29: =+VLOOKUP(K29,$W$4:$AC$11,5,0) -> 5700.726 | Q29: =+VLOOKUP(K29,$W$4:$Z$11,2,0) -> 19002.42 | R29: =+VLOOKUP(K29,$W$4:$Y$11,3,0) -> 26397.964 | AA29: 0 | AB29: 0 | AD29: 0 | AE29: 0 | AF29: 0 | AG29: 0 | AH29: 0 | AI29: 0 | AU29: =+U29+V29+W29+Y29-Z29-AB29-AC29-AD29-AE29+AF29-AG29+AJ29 -> 0 | AV29: =+Q29*U29 -> 0 | AW29: =+Q29*V29 -> 0 | AX29: =+Q29*W29 -> 0 | AY29: =+Q29*X29 -> 0 | AZ29: =+(Q29*1.0833*Y29)+((P29*O29)/25*Y29) -> 0 | BA29: =-Q29/8*Z29 -> 0 | BB29: =+Q29/8*AA29 -> 0 | BC29: =-Q29*AB29 -> 0 | BD29: =-Q29*AC29 -> 0 | BE29: =-Q29/8*AD29 -> 0 | BF29: =-Q29*AE29 -> 0 | BG29: =+Q29*AF29 -> 0 | BH29: =-Q29*AG29 -> 0 | BI29: =+Q29*AI29 -> 0 | BJ29: =+Q29*AH29 -> 0 | BK29: =+Q29*AJ29 -> 0 | BL29: =+(P29*O29)/25*(U29+V29+W29-Z29-AB29-AC29-AD29-AE29+AF29-AG29) -> 0 | BM29: =+$BM$15/25*(U29+V29+Y29+AF29+AH29+AI29)*0 -> 0 | BP29: =+M29*(AU29+AH29+AI29) -> 0 | BS29: =+$BS$15*AM29 -> 0 | BT29: =+$BT$15*AN29 -> 0 | BU29: =+$BU$15*AO29 -> 0 | BV29: =+$BV$15*AP29 -> 0 | CA29: =+IF(H29>59,+SUM(AV29:BX29)*138.92%,0) -> 0 | CB29: =SUM(AV29:CA29) -> 0 | CE29: =-MIN(CB29,$CC$12)*$CD$15 -> 0 | CF29: =-IF(E29="FOTIA",(CB29-AZ29)*1%,(CB29-AZ29)*1.5%) -> 0 | CI29: =+IF(H29>59,0,(CB29*138.92%)) -> 0 | CJ29: =-MIN(CI29,$CC$12)*$CD$15 -> 0 | CK29: =-IF(E29="FOTIA",(CI29-BE29)*1%,(CI29-BE29)*1.5%) -> 0 | CZ29: =-SUM(CB29+CC29+CD29+CE29+CF29)*I29 -> 0 | DA29: =-SUM(CB29+CC29+CD29+CE29+CF29+CI29+CJ29+CK29)*J29 -> 0 | DB29: =SUM(CB29:DA29) -> 0 | DC29: =ROUND(DB29,0) -> 0 | DE29: =+DD29-DC29 -> 0
A30: =500000+B30 -> 509654 | B30: 9654 | C30: CAMPO | D30: ARIAS SEGUNDO FRANCISCO | E30: FEIA | F30: 0 | K30: Q04 | O30: 0 | P30: =+VLOOKUP(K30,$W$4:$AC$11,5,0) -> 5700.726 | Q30: =+VLOOKUP(K30,$W$4:$Z$11,2,0) -> 19002.42 | R30: =+VLOOKUP(K30,$W$4:$Y$11,3,0) -> 26397.964 | AA30: 0 | AB30: 0 | AD30: 0 | AE30: 0 | AF30: 0 | AG30: 0 | AH30: 0 | AI30: 0 | AU30: =+U30+V30+W30+Y30-Z30-AB30-AC30-AD30-AE30+AF30-AG30+AJ30 -> 0 | AV30: =+Q30*U30 -> 0 | AW30: =+Q30*V30 -> 0 | AX30: =+Q30*W30 -> 0 | AY30: =+Q30*X30 -> 0 | AZ30: =+(Q30*1.0833*Y30)+((P30*O30)/25*Y30) -> 0 | BA30: =-Q30/8*Z30 -> 0 | BB30: =+Q30/8*AA30 -> 0 | BC30: =-Q30*AB30 -> 0 | BD30: =-Q30*AC30 -> 0 | BE30: =-Q30/8*AD30 -> 0 | BF30: =-Q30*AE30 -> 0 | BG30: =+Q30*AF30 -> 0 | BH30: =-Q30*AG30 -> 0 | BI30: =+Q30*AI30 -> 0 | BJ30: =+Q30*AH30 -> 0 | BK30: =+Q30*AJ30 -> 0 | BL30: =+(P30*O30)/25*(U30+V30+W30-Z30-AB30-AC30-AD30-AE30+AF30-AG30) -> 0 | BM30: =+$BM$15/25*(U30+V30+Y30+AF30+AH30+AI30)*0 -> 0 | BP30: =+M30*(AU30+AH30+AI30) -> 0 | BS30: =+$BS$15*AM30 -> 0 | BT30: =+$BT$15*AN30 -> 0 | BU30: =+$BU$15*AO30 -> 0 | BV30: =+$BV$15*AP30 -> 0 | CA30: =+IF(H30>59,+SUM(AV30:BX30)*138.92%,0) -> 0 | CB30: =SUM(AV30:CA30) -> 0 | CE30: =-MIN(CB30,$CC$12)*$CD$15 -> 0 | CF30: =-IF(E30="FOTIA",(CB30-AZ30)*1%,(CB30-AZ30)*1.5%) -> 0 | CI30: =+IF(H30>59,0,(CB30*138.92%)) -> 0 | CJ30: =-MIN(CI30,$CC$12)*$CD$15 -> 0 | CK30: =-IF(E30="FOTIA",(CI30-BE30)*1%,(CI30-BE30)*1.5%) -> 0 | CZ30: =-SUM(CB30+CC30+CD30+CE30+CF30)*I30 -> 0 | DA30: =-SUM(CB30+CC30+CD30+CE30+CF30+CI30+CJ30+CK30)*J30 -> 0 | DB30: =SUM(CB30:DA30) -> 0 | DC30: =ROUND(DB30,0) -> 0 | DE30: =+DD30-DC30 -> 0
A31: =500000+B31 -> 509656 | B31: 9656 | C31: CAMPO | D31: BARRAZA RUBEN DAVID | E31: FEIA | F31: 0 | K31: Q04 | O31: 0 | P31: =+VLOOKUP(K31,$W$4:$AC$11,5,0) -> 5700.726 | Q31: =+VLOOKUP(K31,$W$4:$Z$11,2,0) -> 19002.42 | R31: =+VLOOKUP(K31,$W$4:$Y$11,3,0) -> 26397.964 | AA31: 0 | AB31: 0 | AD31: 0 | AE31: 0 | AF31: 0 | AG31: 0 | AH31: 0 | AI31: 0 | AU31: =+U31+V31+W31+Y31-Z31-AB31-AC31-AD31-AE31+AF31-AG31+AJ31 -> 0 | AV31: =+Q31*U31 -> 0 | AW31: =+Q31*V31 -> 0 | AX31: =+Q31*W31 -> 0 | AY31: =+Q31*X31 -> 0 | AZ31: =+(Q31*1.0833*Y31)+((P31*O31)/25*Y31) -> 0 | BA31: =-Q31/8*Z31 -> 0 | BB31: =+Q31/8*AA31 -> 0 | BC31: =-Q31*AB31 -> 0 | BD31: =-Q31*AC31 -> 0 | BE31: =-Q31/8*AD31 -> 0 | BF31: =-Q31*AE31 -> 0 | BG31: =+Q31*AF31 -> 0 | BH31: =-Q31*AG31 -> 0 | BI31: =+Q31*AI31 -> 0 | BJ31: =+Q31*AH31 -> 0 | BK31: =+Q31*AJ31 -> 0 | BL31: =+(P31*O31)/25*(U31+V31+W31-Z31-AB31-AC31-AD31-AE31+AF31-AG31) -> 0 | BM31: =+$BM$15/25*(U31+V31+Y31+AF31+AH31+AI31)*0 -> 0 | BP31: =+M31*(AU31+AH31+AI31) -> 0 | BS31: =+$BS$15*AM31 -> 0 | BT31: =+$BT$15*AN31 -> 0 | BU31: =+$BU$15*AO31 -> 0 | BV31: =+$BV$15*AP31 -> 0 | CA31: =+IF(H31>59,+SUM(AV31:BX31)*138.92%,0) -> 0 | CB31: =SUM(AV31:CA31) -> 0 | CE31: =-MIN(CB31,$CC$12)*$CD$15 -> 0 | CF31: =-IF(E31="FOTIA",(CB31-AZ31)*1%,(CB31-AZ31)*1.5%) -> 0 | CI31: =+IF(H31>59,0,(CB31*138.92%)) -> 0 | CJ31: =-MIN(CI31,$CC$12)*$CD$15 -> 0 | CK31: =-IF(E31="FOTIA",(CI31-BE31)*1%,(CI31-BE31)*1.5%) -> 0 | CZ31: =-SUM(CB31+CC31+CD31+CE31+CF31)*I31 -> 0 | DA31: =-SUM(CB31+CC31+CD31+CE31+CF31+CI31+CJ31+CK31)*J31 -> 0 | DB31: =SUM(CB31:DA31) -> 0 | DC31: =ROUND(DB31,0) -> 0 | DE31: =+DD31-DC31 -> 0
